filename,status,var,mean,reason,dup_distance
01_00001.jpg,kept,300.284467,114.664984,,
01_00002.jpg,rejected,304.207016,115.381392,duplicate(hamming=0<=5),
01_00003.jpg,rejected,316.664042,114.053522,duplicate(hamming=0<=5),
01_00004.jpg,rejected,258.196439,111.766470,duplicate(hamming=0<=5),
01_00005.jpg,rejected,303.935125,116.923192,duplicate(hamming=4<=5),4
01_00006.jpg,rejected,272.766124,116.804027,duplicate(hamming=3<=5),3
01_00007.jpg,rejected,269.191584,116.639584,duplicate(hamming=2<=5),2
01_00008.jpg,rejected,293.780260,116.155696,duplicate(hamming=4<=5),4
01_00009.jpg,rejected,233.170565,117.761236,duplicate(hamming=4<=5),4
01_00010.jpg,rejected,294.872413,115.160669,duplicate(hamming=4<=5),4
01_00011.jpg,rejected,271.789484,114.331519,duplicate(hamming=5<=5),5
01_00012.jpg,kept,240.005869,116.623210,,7
01_00013.jpg,rejected,243.842952,111.521348,duplicate(hamming=2<=5),2
01_00014.jpg,rejected,263.450659,112.296100,duplicate(hamming=5<=5),5
01_00015.jpg,rejected,220.604924,115.471757,duplicate(hamming=4<=5),4
01_00016.jpg,rejected,236.427164,117.901969,duplicate(hamming=3<=5),3
01_00017.jpg,rejected,265.668109,117.651036,duplicate(hamming=4<=5),4
01_00018.jpg,rejected,198.918843,118.796769,duplicate(hamming=5<=5),5
01_00019.jpg,rejected,222.083194,118.103598,duplicate(hamming=4<=5),4
01_00020.jpg,kept,278.042716,119.819008,,6
01_00021.jpg,rejected,220.547410,120.569535,duplicate(hamming=2<=5),2
01_00022.jpg,kept,236.229429,119.435908,,9
01_00023.jpg,kept,304.478913,120.061911,,9
01_00024.jpg,kept,251.811059,124.261143,,9
01_00025.jpg,kept,239.919725,121.763671,,10
01_00026.jpg,rejected,301.984916,123.265927,duplicate(hamming=4<=5),4
01_00027.jpg,kept,260.846304,128.459372,,10
01_00028.jpg,rejected,253.221657,131.172829,duplicate(hamming=4<=5),4
01_00029.jpg,kept,261.735422,128.604079,,7
01_00030.jpg,rejected,234.103677,125.068411,duplicate(hamming=2<=5),2
01_00031.jpg,kept,246.945518,122.674783,,8
01_00032.jpg,rejected,261.512655,122.835996,duplicate(hamming=5<=5),5
01_00033.jpg,rejected,254.690838,121.394634,duplicate(hamming=5<=5),5
01_00034.jpg,kept,243.115302,114.350552,,9
01_00035.jpg,rejected,216.164844,116.119769,duplicate(hamming=1<=5),1
01_00036.jpg,rejected,258.943124,116.849785,duplicate(hamming=3<=5),3
01_00037.jpg,kept,236.397784,115.615915,,7
01_00038.jpg,kept,250.344246,115.463410,,6
01_00039.jpg,rejected,230.056492,116.894226,duplicate(hamming=5<=5),5
01_00040.jpg,rejected,218.721872,118.339282,duplicate(hamming=5<=5),5
01_00041.jpg,kept,226.834918,117.178955,,7
01_00042.jpg,kept,288.842126,117.002687,,8
01_00043.jpg,kept,263.020008,111.710143,,7
01_00044.jpg,kept,198.386434,111.490412,,7
01_00045.jpg,kept,202.458510,111.014690,,12
01_00046.jpg,kept,323.338601,109.793775,,9
01_00047.jpg,kept,338.762640,109.073953,,7
01_00048.jpg,kept,282.434806,109.218354,,8
01_00049.jpg,kept,249.445377,115.500849,,9
01_00050.jpg,rejected,186.179411,117.865839,duplicate(hamming=4<=5),4
01_00051.jpg,rejected,305.220887,114.509631,duplicate(hamming=5<=5),5
01_00052.jpg,kept,179.252066,113.568318,,9
01_00053.jpg,kept,267.219812,112.141611,,7
01_00054.jpg,kept,195.012772,119.893874,,6
01_00055.jpg,kept,126.638296,122.514686,,6
01_00056.jpg,rejected,227.834146,122.900312,duplicate(hamming=5<=5),5
01_00057.jpg,kept,259.692857,120.387822,,7
01_00058.jpg,rejected,262.444226,118.854447,duplicate(hamming=5<=5),5
01_00059.jpg,kept,203.562556,124.319045,,9
01_00060.jpg,rejected,254.043383,125.045664,duplicate(hamming=2<=5),2
01_00061.jpg,kept,313.778912,123.937154,,9
01_00062.jpg,kept,264.336505,128.372657,,11
01_00063.jpg,kept,205.876294,129.981500,,6
01_00064.jpg,rejected,136.399738,130.132381,duplicate(hamming=4<=5),4
01_00065.jpg,kept,205.130281,130.315122,,11
01_00066.jpg,rejected,77.370183,135.549725,blurry(var=77.4<100.0),
01_00067.jpg,kept,137.779532,138.157581,,7
01_00068.jpg,kept,278.562093,131.978099,,7
01_00069.jpg,kept,280.588562,131.252688,,12
01_00070.jpg,rejected,190.134227,131.430259,duplicate(hamming=4<=5),4
01_00071.jpg,kept,241.572645,130.128362,,6
01_00072.jpg,kept,246.582721,128.155730,,6
01_00073.jpg,kept,278.635695,126.383553,,6
01_00074.jpg,kept,285.934137,128.103703,,6
01_00075.jpg,rejected,235.499896,129.889805,duplicate(hamming=4<=5),4
01_00076.jpg,kept,234.351479,128.936710,,7
01_00077.jpg,kept,204.357606,127.230785,,9
01_00078.jpg,kept,305.842115,125.797727,,6
01_00079.jpg,kept,319.515619,125.130656,,8
01_00080.jpg,kept,168.779218,126.300250,,6
01_00081.jpg,kept,203.320258,125.293908,,6
01_00082.jpg,kept,267.358715,127.204897,,7
01_00083.jpg,kept,299.203215,128.095648,,8
01_00084.jpg,rejected,325.458763,127.091033,duplicate(hamming=5<=5),5
01_00085.jpg,kept,292.535646,125.070811,,7
01_00086.jpg,rejected,223.500690,124.875915,duplicate(hamming=5<=5),5
01_00087.jpg,kept,255.467501,121.724779,,6
01_00088.jpg,kept,327.021957,120.996108,,6
01_00089.jpg,rejected,283.568989,121.060157,duplicate(hamming=5<=5),5
01_00090.jpg,kept,157.718989,120.404850,,15
01_00091.jpg,kept,181.308822,120.279051,,11
01_00092.jpg,kept,128.698510,125.129681,,6
01_00093.jpg,kept,156.130889,128.016954,,13
01_00094.jpg,kept,261.215869,126.646961,,10
01_00095.jpg,kept,211.311561,124.104801,,7
01_00096.jpg,kept,194.656426,122.237693,,13
01_00097.jpg,kept,152.011164,124.247947,,8
01_00098.jpg,kept,301.479803,123.090477,,7
01_00099.jpg,kept,214.389461,122.147238,,15
01_00100.jpg,kept,299.288830,118.241152,,11
01_00101.jpg,kept,257.139496,119.994877,,9
01_00102.jpg,kept,176.924716,122.582400,,15
01_00103.jpg,rejected,164.756541,122.475724,duplicate(hamming=4<=5),4
01_00104.jpg,kept,238.715029,117.838411,,17
01_00105.jpg,kept,233.593583,115.213404,,15
01_00106.jpg,kept,212.017849,116.664112,,6
01_00107.jpg,kept,168.955205,111.641755,,6
01_00108.jpg,kept,101.414834,108.605480,,7
01_00109.jpg,kept,162.984597,104.898498,,7
01_00110.jpg,kept,126.440814,116.292489,,13
01_00111.jpg,kept,262.539190,115.957021,,13
01_00112.jpg,kept,159.394323,127.730788,,14
01_00113.jpg,kept,111.112120,127.168644,,11
01_00114.jpg,kept,122.140485,124.755882,,14
01_00115.jpg,rejected,67.524934,129.692016,blurry(var=67.5<100.0),
01_00116.jpg,kept,196.712670,128.049474,,11
01_00117.jpg,kept,121.835880,127.398295,,6
01_00118.jpg,rejected,191.872573,126.223599,duplicate(hamming=5<=5),5
01_00119.jpg,rejected,135.848192,124.490702,duplicate(hamming=5<=5),5
01_00120.jpg,rejected,63.449022,127.196028,blurry(var=63.4<100.0),
01_00121.jpg,kept,300.418803,120.269137,,12
01_00122.jpg,kept,217.271266,111.934661,,8
01_00123.jpg,kept,262.521160,111.506225,,8
01_00124.jpg,kept,354.347294,113.018169,,8
01_00125.jpg,kept,310.891700,115.995023,,7
02_00001.jpg,rejected,274.231902,121.035410,duplicate(hamming=3<=5),3
02_00002.jpg,rejected,267.514028,121.004412,duplicate(hamming=3<=5),3
02_00003.jpg,rejected,247.777622,121.335522,duplicate(hamming=5<=5),5
02_00004.jpg,rejected,189.869375,121.708714,duplicate(hamming=5<=5),5
02_00005.jpg,kept,182.568146,126.368133,,6
02_00006.jpg,kept,155.282733,125.059223,,6
02_00007.jpg,kept,212.731786,123.044910,,9
02_00008.jpg,kept,224.551139,123.240240,,6
02_00009.jpg,kept,197.853732,119.316898,,11
02_00010.jpg,kept,179.601321,114.809741,,16
02_00011.jpg,rejected,82.143938,108.664072,blurry(var=82.1<100.0),
02_00012.jpg,kept,131.468419,123.589490,,14
02_00013.jpg,rejected,153.027564,121.611200,duplicate(hamming=4<=5),4
02_00014.jpg,kept,120.120216,116.851633,,7
02_00015.jpg,rejected,156.724988,114.744666,duplicate(hamming=3<=5),3
02_00016.jpg,rejected,124.220764,116.507871,duplicate(hamming=5<=5),5
02_00017.jpg,rejected,198.806978,115.759707,duplicate(hamming=3<=5),3
02_00018.jpg,rejected,113.193008,119.620169,duplicate(hamming=4<=5),4
02_00019.jpg,rejected,88.604721,119.936982,blurry(var=88.6<100.0),
02_00020.jpg,rejected,145.542246,122.352603,duplicate(hamming=5<=5),5
02_00021.jpg,rejected,99.841013,121.951054,blurry(var=99.8<100.0),
02_00022.jpg,kept,139.119760,115.185525,,6
02_00023.jpg,rejected,107.936572,109.482082,duplicate(hamming=2<=5),2
02_00024.jpg,rejected,147.931185,109.893220,duplicate(hamming=3<=5),3
02_00025.jpg,rejected,143.983236,108.594233,duplicate(hamming=5<=5),5
02_00026.jpg,kept,167.311898,107.284187,,6
02_00027.jpg,kept,166.871289,106.680227,,7
02_00028.jpg,kept,174.399528,111.628776,,9
02_00029.jpg,rejected,175.708111,121.970340,duplicate(hamming=5<=5),5
02_00030.jpg,kept,198.200476,118.378010,,7
02_00031.jpg,rejected,136.356597,123.093431,duplicate(hamming=2<=5),2
02_00032.jpg,rejected,194.191287,123.154767,duplicate(hamming=4<=5),4
02_00033.jpg,rejected,164.694097,122.202050,duplicate(hamming=5<=5),5
02_00034.jpg,rejected,135.172070,122.589111,duplicate(hamming=5<=5),5
02_00035.jpg,rejected,160.024185,118.032929,duplicate(hamming=5<=5),5
02_00036.jpg,rejected,195.670700,117.256111,duplicate(hamming=4<=5),4
02_00037.jpg,kept,200.064818,114.004914,,6
02_00038.jpg,rejected,249.057140,115.818903,duplicate(hamming=1<=5),1
02_00039.jpg,rejected,257.024719,116.832568,duplicate(hamming=1<=5),1
02_00040.jpg,rejected,245.310696,114.828850,duplicate(hamming=1<=5),1
02_00041.jpg,rejected,253.720237,114.853627,duplicate(hamming=0<=5),
02_00042.jpg,rejected,259.223049,116.240042,duplicate(hamming=5<=5),5
02_00043.jpg,rejected,264.499302,118.166508,duplicate(hamming=3<=5),3
02_00044.jpg,kept,223.983159,121.197971,,8
02_00045.jpg,rejected,207.942008,119.568048,duplicate(hamming=2<=5),2
02_00046.jpg,rejected,197.773567,117.895284,duplicate(hamming=4<=5),4
02_00047.jpg,kept,135.611231,116.066684,,10
02_00048.jpg,kept,180.203578,114.497645,,19
02_00049.jpg,kept,114.192061,121.544542,,6
02_00050.jpg,rejected,146.852116,114.170299,duplicate(hamming=5<=5),5
02_00051.jpg,rejected,181.574148,118.189824,duplicate(hamming=5<=5),5
02_00052.jpg,rejected,212.649783,119.708840,duplicate(hamming=4<=5),4
02_00053.jpg,rejected,190.321757,119.657870,duplicate(hamming=5<=5),5
02_00054.jpg,rejected,219.291368,118.661132,duplicate(hamming=5<=5),5
02_00055.jpg,rejected,253.343356,119.551220,duplicate(hamming=3<=5),3
02_00056.jpg,kept,195.418420,122.502305,,8
02_00057.jpg,rejected,195.715197,125.675649,duplicate(hamming=5<=5),5
02_00058.jpg,kept,260.433717,122.631259,,10
02_00059.jpg,kept,136.814979,125.738621,,8
02_00060.jpg,kept,185.034464,124.358775,,7
02_00061.jpg,kept,227.328591,117.822168,,7
02_00062.jpg,kept,243.093949,114.464785,,6
02_00063.jpg,kept,168.228478,115.302505,,7
02_00064.jpg,rejected,178.304552,117.394699,duplicate(hamming=5<=5),5
02_00065.jpg,rejected,224.070850,119.096303,duplicate(hamming=5<=5),5
02_00066.jpg,rejected,148.508539,120.358974,duplicate(hamming=4<=5),4
02_00067.jpg,kept,199.446148,122.837645,,7
02_00068.jpg,rejected,185.189431,120.711490,duplicate(hamming=2<=5),2
02_00069.jpg,kept,178.266898,121.156910,,10
02_00070.jpg,rejected,92.368887,127.205336,blurry(var=92.4<100.0),
02_00071.jpg,rejected,108.778962,121.426238,duplicate(hamming=5<=5),5
02_00072.jpg,rejected,167.655396,119.351144,duplicate(hamming=5<=5),5
02_00073.jpg,rejected,183.968534,120.067684,duplicate(hamming=4<=5),4
02_00074.jpg,rejected,139.754387,113.932818,duplicate(hamming=5<=5),5
02_00075.jpg,rejected,129.132380,115.020077,duplicate(hamming=3<=5),3
02_00076.jpg,rejected,151.070917,114.217950,duplicate(hamming=4<=5),4
02_00077.jpg,rejected,183.529265,111.231720,duplicate(hamming=5<=5),5
02_00078.jpg,rejected,180.190953,114.202109,duplicate(hamming=3<=5),3
02_00079.jpg,rejected,127.405987,116.468140,duplicate(hamming=3<=5),3
02_00080.jpg,rejected,174.864715,119.231365,duplicate(hamming=1<=5),1
02_00081.jpg,rejected,230.275484,117.039900,duplicate(hamming=3<=5),3
02_00082.jpg,rejected,240.026514,116.944289,duplicate(hamming=3<=5),3
02_00083.jpg,rejected,138.793941,118.144438,duplicate(hamming=0<=5),
02_00084.jpg,rejected,248.117555,116.354991,duplicate(hamming=2<=5),2
03_00001.jpg,kept,222.181069,115.306462,,21
03_00002.jpg,rejected,218.134914,115.577582,duplicate(hamming=1<=5),1
03_00003.jpg,rejected,217.098456,116.263703,duplicate(hamming=4<=5),4
03_00004.jpg,rejected,120.142752,119.894051,duplicate(hamming=3<=5),3
03_00005.jpg,rejected,219.789706,116.937312,duplicate(hamming=4<=5),4
03_00006.jpg,rejected,195.965813,114.132913,duplicate(hamming=5<=5),5
03_00007.jpg,kept,142.319681,119.527381,,7
03_00008.jpg,rejected,76.041715,113.648052,blurry(var=76.0<100.0),
03_00009.jpg,kept,188.064968,115.145692,,6
03_00010.jpg,rejected,149.192492,117.434402,duplicate(hamming=5<=5),5
03_00011.jpg,rejected,120.914198,120.026262,duplicate(hamming=5<=5),5
03_00012.jpg,rejected,243.804467,119.518890,duplicate(hamming=5<=5),5
03_00013.jpg,rejected,243.321756,116.820720,duplicate(hamming=5<=5),5
03_00014.jpg,rejected,134.351201,118.061891,duplicate(hamming=4<=5),4
03_00015.jpg,rejected,161.920949,118.505865,duplicate(hamming=5<=5),5
03_00016.jpg,kept,105.040624,120.943700,,9
03_00017.jpg,rejected,159.673843,120.573551,duplicate(hamming=3<=5),3
03_00018.jpg,kept,174.985933,120.724278,,9
03_00019.jpg,kept,170.434169,123.605755,,6
03_00020.jpg,kept,143.533379,125.279567,,8
03_00021.jpg,rejected,122.241983,127.608290,duplicate(hamming=4<=5),4
03_00022.jpg,kept,114.908963,124.941383,,6
03_00023.jpg,rejected,154.713403,126.129053,duplicate(hamming=3<=5),3
03_00024.jpg,rejected,183.852816,124.633287,duplicate(hamming=5<=5),5
03_00025.jpg,kept,178.079478,127.250923,,14
03_00026.jpg,rejected,184.846368,125.197475,duplicate(hamming=5<=5),5
03_00027.jpg,kept,171.669105,120.780268,,9
03_00028.jpg,rejected,90.359726,121.645024,blurry(var=90.4<100.0),
03_00029.jpg,rejected,179.268773,119.834621,duplicate(hamming=4<=5),4
03_00030.jpg,kept,194.300462,119.746504,,9
03_00031.jpg,kept,145.272307,117.617807,,6
03_00032.jpg,rejected,213.421459,115.876393,duplicate(hamming=4<=5),4
03_00033.jpg,kept,250.784816,118.618155,,6
03_00034.jpg,rejected,88.008105,132.622225,blurry(var=88.0<100.0),
03_00035.jpg,kept,106.003851,131.172856,,17
03_00036.jpg,kept,168.053999,130.375613,,9
03_00037.jpg,rejected,68.047929,134.222558,blurry(var=68.0<100.0),
03_00038.jpg,kept,171.400156,132.496495,,9
03_00039.jpg,kept,146.618159,132.300556,,6
03_00040.jpg,kept,241.562988,130.894125,,10
03_00041.jpg,kept,236.785195,129.868014,,6
03_00042.jpg,kept,263.597458,127.234839,,8
03_00043.jpg,kept,135.597191,128.392438,,8
03_00044.jpg,kept,164.488581,131.271787,,6
03_00045.jpg,rejected,86.376791,130.501604,blurry(var=86.4<100.0),
03_00046.jpg,kept,155.998679,131.774757,,9
03_00047.jpg,kept,232.624501,129.101133,,6
03_00048.jpg,rejected,160.620840,130.092961,duplicate(hamming=3<=5),3
03_00049.jpg,kept,111.725348,130.298854,,6
03_00050.jpg,rejected,78.592019,131.041790,blurry(var=78.6<100.0),
03_00051.jpg,kept,173.720897,129.360446,,6
03_00052.jpg,kept,112.929860,129.524125,,8
03_00053.jpg,rejected,219.156442,127.932683,duplicate(hamming=5<=5),5
03_00054.jpg,kept,104.035558,129.542540,,7
03_00055.jpg,rejected,324.503387,126.309363,duplicate(hamming=5<=5),5
03_00056.jpg,kept,122.155239,128.726609,,6
03_00057.jpg,kept,236.313519,129.222276,,6
03_00058.jpg,kept,247.543259,132.633118,,9
03_00059.jpg,kept,414.987329,129.373875,,6
03_00060.jpg,kept,350.184516,130.559809,,6
03_00061.jpg,kept,382.208478,131.022620,,10
03_00062.jpg,rejected,199.396351,132.007225,duplicate(hamming=5<=5),5
03_00063.jpg,kept,227.172055,133.658469,,14
03_00064.jpg,rejected,85.165261,132.614477,blurry(var=85.2<100.0),
03_00065.jpg,kept,177.715846,133.104288,,9
03_00066.jpg,kept,250.284926,131.287986,,12
03_00067.jpg,kept,157.537085,130.858435,,9
03_00068.jpg,kept,260.238702,130.109417,,6
03_00069.jpg,kept,211.477932,132.632772,,6
03_00070.jpg,rejected,260.010295,132.418507,duplicate(hamming=5<=5),5
03_00071.jpg,rejected,113.283965,132.357537,duplicate(hamming=5<=5),5
03_00072.jpg,kept,289.119184,130.799248,,11
03_00073.jpg,rejected,146.504620,130.686226,duplicate(hamming=3<=5),3
03_00074.jpg,rejected,292.191812,128.859617,duplicate(hamming=4<=5),4
03_00075.jpg,kept,189.902235,131.500897,,7
03_00076.jpg,kept,260.633541,127.529244,,13
03_00077.jpg,rejected,151.369543,130.135740,duplicate(hamming=5<=5),5
03_00078.jpg,rejected,100.618402,128.249654,duplicate(hamming=5<=5),5
03_00079.jpg,kept,108.307544,126.330132,,9
03_00080.jpg,rejected,176.148784,125.931905,duplicate(hamming=4<=5),4
03_00081.jpg,kept,155.974264,121.825320,,6
03_00082.jpg,rejected,217.551391,116.872028,duplicate(hamming=4<=5),4
03_00083.jpg,kept,119.208472,121.245723,,6
03_00084.jpg,kept,132.606116,116.813021,,9
03_00085.jpg,rejected,136.672753,119.207884,duplicate(hamming=0<=5),
03_00086.jpg,rejected,106.550540,123.931145,duplicate(hamming=5<=5),5
03_00087.jpg,kept,151.624855,123.595007,,6
03_00088.jpg,rejected,181.111969,123.285530,duplicate(hamming=3<=5),3
03_00089.jpg,rejected,262.069567,120.442840,duplicate(hamming=3<=5),3
03_00090.jpg,rejected,258.711046,122.500920,duplicate(hamming=4<=5),4
03_00091.jpg,kept,258.004672,119.569389,,6
03_00092.jpg,rejected,89.272199,123.617585,blurry(var=89.3<100.0),
03_00093.jpg,rejected,214.405243,120.562957,duplicate(hamming=3<=5),3
03_00094.jpg,rejected,109.392414,126.555869,duplicate(hamming=5<=5),5
03_00095.jpg,rejected,161.017169,123.778174,duplicate(hamming=4<=5),4
03_00096.jpg,rejected,215.843722,120.073315,duplicate(hamming=5<=5),5
03_00097.jpg,rejected,146.943922,118.483007,duplicate(hamming=5<=5),5
03_00098.jpg,rejected,137.061776,117.637751,duplicate(hamming=5<=5),5
03_00099.jpg,rejected,149.124337,121.247182,duplicate(hamming=5<=5),5
03_00100.jpg,kept,112.590888,121.399605,,7
03_00101.jpg,rejected,137.412187,119.428564,duplicate(hamming=5<=5),5
03_00102.jpg,kept,146.063329,123.747917,,8
03_00103.jpg,rejected,212.817261,119.926642,duplicate(hamming=5<=5),5
03_00104.jpg,kept,158.058654,122.294897,,7
03_00105.jpg,rejected,71.402632,119.051696,blurry(var=71.4<100.0),
03_00106.jpg,kept,199.245559,117.749558,,6
03_00107.jpg,kept,190.686672,118.428422,,7
03_00108.jpg,rejected,198.794558,119.148869,duplicate(hamming=5<=5),5
03_00109.jpg,rejected,90.177317,117.436922,blurry(var=90.2<100.0),
03_00110.jpg,rejected,171.111736,113.584629,duplicate(hamming=5<=5),5
03_00111.jpg,rejected,109.781684,123.249863,duplicate(hamming=3<=5),3
03_00112.jpg,rejected,169.681778,118.658452,duplicate(hamming=3<=5),3
03_00113.jpg,kept,194.228508,118.321465,,15
03_00114.jpg,kept,159.790321,116.467973,,8
03_00115.jpg,kept,138.422280,118.349608,,6
03_00116.jpg,rejected,104.198217,121.287450,duplicate(hamming=5<=5),5
03_00117.jpg,kept,155.480035,121.123258,,6
03_00118.jpg,kept,180.956119,119.742014,,7
03_00119.jpg,kept,179.449332,120.718165,,7
03_00120.jpg,rejected,107.985905,120.769339,duplicate(hamming=5<=5),5
03_00121.jpg,kept,137.573935,119.061604,,10
03_00122.jpg,kept,166.027070,121.473036,,6
03_00123.jpg,rejected,182.578589,122.994685,duplicate(hamming=2<=5),2
04_00001.jpg,kept,237.739397,119.872011,,20
04_00002.jpg,rejected,257.274819,119.707122,duplicate(hamming=3<=5),3
04_00003.jpg,kept,183.411181,119.869590,,9
04_00004.jpg,rejected,293.691539,122.004962,duplicate(hamming=5<=5),5
04_00005.jpg,kept,237.451148,121.662566,,7
04_00006.jpg,kept,193.840074,118.454041,,8
04_00007.jpg,kept,307.390233,118.531655,,6
04_00008.jpg,kept,106.082488,117.399701,,7
04_00009.jpg,kept,180.280325,112.253503,,7
04_00010.jpg,kept,180.559417,111.404722,,7
04_00011.jpg,kept,238.281728,111.837326,,6
04_00012.jpg,kept,121.604947,110.654559,,10
04_00013.jpg,kept,139.516326,114.684715,,9
04_00014.jpg,rejected,177.322259,117.150105,duplicate(hamming=4<=5),4
04_00015.jpg,rejected,62.902636,112.979503,blurry(var=62.9<100.0),
04_00016.jpg,kept,169.647170,108.219256,,7
04_00017.jpg,rejected,144.723964,108.815299,duplicate(hamming=5<=5),5
04_00018.jpg,rejected,48.173927,108.657191,blurry(var=48.2<100.0),
04_00019.jpg,rejected,77.554479,108.876931,blurry(var=77.6<100.0),
04_00020.jpg,kept,174.984178,116.550809,,20
04_00021.jpg,rejected,43.455914,120.322286,blurry(var=43.5<100.0),
04_00022.jpg,kept,108.099940,122.492336,,15
04_00023.jpg,kept,232.808006,119.070437,,12
04_00024.jpg,kept,238.837958,119.331475,,7
04_00025.jpg,rejected,140.807934,118.680081,duplicate(hamming=4<=5),4
04_00026.jpg,kept,236.480815,119.263360,,9
04_00027.jpg,rejected,220.968492,119.537778,duplicate(hamming=4<=5),4
04_00028.jpg,kept,141.083174,118.976049,,7
04_00029.jpg,rejected,251.313292,118.164633,duplicate(hamming=4<=5),4
04_00030.jpg,kept,191.645845,120.709791,,7
04_00031.jpg,rejected,189.927527,119.126645,duplicate(hamming=2<=5),2
04_00032.jpg,rejected,102.731907,118.561122,duplicate(hamming=5<=5),5
04_00033.jpg,kept,159.332768,117.717616,,7
04_00034.jpg,rejected,206.536909,111.442848,duplicate(hamming=4<=5),4
04_00035.jpg,kept,160.839197,115.810660,,8
04_00036.jpg,rejected,186.134223,117.494909,duplicate(hamming=1<=5),1
04_00037.jpg,kept,193.951394,117.650873,,10
04_00038.jpg,kept,139.245023,116.742432,,8
04_00039.jpg,rejected,118.952578,115.335065,duplicate(hamming=3<=5),3
04_00040.jpg,kept,120.398207,119.154784,,10
04_00041.jpg,kept,157.575278,119.302814,,6
04_00042.jpg,rejected,165.002473,118.015347,duplicate(hamming=4<=5),4
04_00043.jpg,kept,115.053286,116.974442,,15
04_00044.jpg,kept,134.453986,122.759780,,8
04_00045.jpg,kept,142.979986,120.687898,,7
04_00046.jpg,kept,112.457819,120.649404,,6
04_00047.jpg,kept,117.452076,123.025623,,6
04_00048.jpg,kept,137.724802,120.713777,,8
04_00049.jpg,rejected,93.902844,119.495818,blurry(var=93.9<100.0),
04_00050.jpg,kept,122.333749,124.254554,,8
04_00051.jpg,rejected,112.051916,128.219327,duplicate(hamming=5<=5),5
04_00052.jpg,kept,118.918856,126.552999,,8
04_00053.jpg,kept,152.632397,125.881248,,7
04_00054.jpg,rejected,93.883219,123.263805,blurry(var=93.9<100.0),
04_00055.jpg,rejected,84.668453,129.449340,blurry(var=84.7<100.0),
04_00056.jpg,kept,141.640196,130.585422,,10
04_00057.jpg,kept,147.947428,129.462771,,7
04_00058.jpg,rejected,76.721441,129.424344,blurry(var=76.7<100.0),
04_00059.jpg,rejected,70.112159,129.170666,blurry(var=70.1<100.0),
04_00060.jpg,kept,102.195643,126.917128,,7
04_00061.jpg,rejected,158.941533,125.141819,duplicate(hamming=4<=5),4
04_00062.jpg,kept,129.603466,127.977187,,8
04_00063.jpg,rejected,96.497708,128.931297,blurry(var=96.5<100.0),
04_00064.jpg,rejected,84.380579,133.108009,blurry(var=84.4<100.0),
04_00065.jpg,kept,116.391677,131.361406,,6
04_00066.jpg,kept,138.412975,133.678632,,7
04_00067.jpg,kept,131.701646,128.408996,,6
04_00068.jpg,rejected,83.044773,123.204686,blurry(var=83.0<100.0),
04_00069.jpg,rejected,37.501734,129.978670,blurry(var=37.5<100.0),
04_00070.jpg,kept,161.161551,117.518773,,7
04_00071.jpg,rejected,141.814261,121.647269,duplicate(hamming=3<=5),3
04_00072.jpg,rejected,147.972922,116.686646,duplicate(hamming=3<=5),3
04_00073.jpg,rejected,121.243971,126.165931,duplicate(hamming=4<=5),4
04_00074.jpg,rejected,40.368717,134.681847,blurry(var=40.4<100.0),
04_00075.jpg,rejected,86.648683,128.569135,blurry(var=86.6<100.0),
04_00076.jpg,rejected,117.902613,131.639357,duplicate(hamming=3<=5),3
04_00077.jpg,rejected,63.671021,132.469347,blurry(var=63.7<100.0),
04_00078.jpg,rejected,115.968928,137.834480,duplicate(hamming=4<=5),4
04_00079.jpg,rejected,92.425862,138.897607,blurry(var=92.4<100.0),
04_00080.jpg,rejected,80.384310,139.573703,blurry(var=80.4<100.0),
04_00081.jpg,rejected,70.528462,139.883957,blurry(var=70.5<100.0),
04_00082.jpg,rejected,90.374940,138.471578,blurry(var=90.4<100.0),
04_00083.jpg,kept,133.088667,140.306440,,12
04_00084.jpg,rejected,93.413211,139.356848,blurry(var=93.4<100.0),
04_00085.jpg,kept,180.431115,140.776659,,12
04_00086.jpg,kept,172.395265,141.860346,,9
04_00087.jpg,kept,156.844901,140.973240,,10
04_00088.jpg,rejected,87.215843,139.216291,blurry(var=87.2<100.0),
04_00089.jpg,rejected,93.578682,134.979449,blurry(var=93.6<100.0),
04_00090.jpg,kept,121.059748,130.820981,,10
04_00091.jpg,kept,168.404594,130.771160,,15
04_00092.jpg,kept,130.983167,132.193652,,15
04_00093.jpg,rejected,91.473141,127.156493,blurry(var=91.5<100.0),
04_00094.jpg,rejected,87.634050,128.718349,blurry(var=87.6<100.0),
04_00095.jpg,rejected,48.853622,132.011594,blurry(var=48.9<100.0),
04_00096.jpg,rejected,65.035931,127.882045,blurry(var=65.0<100.0),
04_00097.jpg,kept,116.006907,126.240161,,7
04_00098.jpg,rejected,147.362662,127.007933,duplicate(hamming=0<=5),
04_00099.jpg,kept,151.305428,125.834863,,12
04_00100.jpg,kept,112.076203,125.393714,,11
04_00101.jpg,kept,184.103352,129.106427,,8
04_00102.jpg,rejected,190.786905,130.044086,duplicate(hamming=4<=5),4
04_00103.jpg,rejected,185.564524,128.845658,duplicate(hamming=4<=5),4
04_00104.jpg,kept,199.207643,130.747939,,9
04_00105.jpg,rejected,171.334835,128.015146,duplicate(hamming=4<=5),4
04_00106.jpg,rejected,66.716810,130.692853,blurry(var=66.7<100.0),
04_00107.jpg,kept,136.336342,128.325604,,6
04_00108.jpg,rejected,51.460270,127.750392,blurry(var=51.5<100.0),
04_00109.jpg,kept,156.811930,130.404161,,11
04_00110.jpg,kept,167.524321,127.328982,,13
04_00111.jpg,rejected,208.226273,126.550393,duplicate(hamming=5<=5),5
04_00112.jpg,rejected,81.103689,127.541024,blurry(var=81.1<100.0),
04_00113.jpg,rejected,90.860695,130.969414,blurry(var=90.9<100.0),
04_00114.jpg,kept,192.435945,131.216884,,15
04_00115.jpg,rejected,196.481005,129.217352,duplicate(hamming=4<=5),4
04_00116.jpg,kept,137.505999,124.501541,,14
04_00117.jpg,rejected,82.239384,127.409501,blurry(var=82.2<100.0),
04_00118.jpg,rejected,94.569321,128.896201,blurry(var=94.6<100.0),
04_00119.jpg,kept,110.720343,123.701267,,16
04_00120.jpg,kept,132.719336,121.382639,,14
04_00121.jpg,kept,130.977850,122.293544,,8
04_00122.jpg,kept,117.724920,117.198877,,10
04_00123.jpg,kept,356.201517,114.739135,,10
05_00001.jpg,kept,183.789456,118.363982,,14
05_00002.jpg,rejected,208.565264,117.535841,duplicate(hamming=2<=5),2
05_00003.jpg,rejected,190.581760,118.088783,duplicate(hamming=4<=5),4
05_00004.jpg,kept,200.001953,115.496492,,13
05_00005.jpg,kept,168.821694,115.218101,,7
05_00006.jpg,kept,158.073537,119.405585,,7
05_00007.jpg,rejected,93.563579,125.033542,blurry(var=93.6<100.0),
05_00008.jpg,kept,172.365848,119.012223,,13
05_00009.jpg,kept,124.377558,121.243289,,10
05_00010.jpg,kept,120.369619,126.280587,,12
05_00011.jpg,kept,209.864522,124.637758,,10
05_00012.jpg,kept,199.667241,124.277531,,9
05_00013.jpg,kept,147.884904,123.253075,,7
05_00014.jpg,rejected,131.598372,125.430348,duplicate(hamming=5<=5),5
05_00015.jpg,kept,219.614738,122.888740,,8
05_00016.jpg,kept,160.465436,120.532218,,7
05_00017.jpg,rejected,139.976453,118.804827,duplicate(hamming=0<=5),
05_00018.jpg,kept,206.007766,116.677543,,6
05_00019.jpg,rejected,188.578431,112.268445,duplicate(hamming=3<=5),3
05_00020.jpg,kept,202.320786,112.105788,,7
05_00021.jpg,rejected,174.686129,117.433903,duplicate(hamming=5<=5),5
05_00022.jpg,kept,137.168807,117.269807,,6
05_00023.jpg,rejected,98.199419,121.016329,blurry(var=98.2<100.0),
05_00024.jpg,kept,125.559668,124.100841,,13
05_00025.jpg,kept,295.665216,123.923548,,11
05_00026.jpg,rejected,225.674399,125.372151,duplicate(hamming=3<=5),3
05_00027.jpg,kept,116.713460,131.786586,,8
05_00028.jpg,rejected,137.853444,131.011260,duplicate(hamming=4<=5),4
05_00029.jpg,kept,161.657524,133.984634,,7
05_00030.jpg,rejected,240.637766,130.519015,duplicate(hamming=0<=5),
05_00031.jpg,rejected,153.237059,129.116632,duplicate(hamming=3<=5),3
05_00032.jpg,rejected,90.984736,131.120211,blurry(var=91.0<100.0),
05_00033.jpg,rejected,168.068742,132.083477,duplicate(hamming=5<=5),5
05_00034.jpg,kept,100.000711,128.226424,,8
05_00035.jpg,rejected,235.697762,126.110166,duplicate(hamming=4<=5),4
05_00036.jpg,kept,112.377244,128.310260,,7
05_00037.jpg,rejected,71.079235,131.330837,blurry(var=71.1<100.0),
05_00038.jpg,rejected,168.894133,130.776846,duplicate(hamming=4<=5),4
05_00039.jpg,kept,205.383699,131.098051,,6
05_00040.jpg,rejected,98.356379,131.690697,blurry(var=98.4<100.0),
05_00041.jpg,rejected,105.690031,130.306915,duplicate(hamming=3<=5),3
05_00042.jpg,rejected,81.530767,130.777768,blurry(var=81.5<100.0),
05_00043.jpg,rejected,67.272750,130.841889,blurry(var=67.3<100.0),
05_00044.jpg,rejected,45.829207,128.310980,blurry(var=45.8<100.0),
05_00045.jpg,rejected,74.846494,130.247344,blurry(var=74.8<100.0),
05_00046.jpg,kept,134.794285,127.973937,,10
05_00047.jpg,rejected,78.175475,130.476909,blurry(var=78.2<100.0),
05_00048.jpg,kept,254.464874,130.712632,,12
05_00049.jpg,kept,287.205434,131.461763,,9
05_00050.jpg,rejected,306.558427,132.750730,duplicate(hamming=5<=5),5
05_00051.jpg,kept,252.522629,133.582478,,12
05_00052.jpg,rejected,78.138515,132.442486,blurry(var=78.1<100.0),
05_00053.jpg,kept,124.961026,135.360514,,14
05_00054.jpg,kept,210.253973,137.309870,,10
05_00055.jpg,kept,154.987319,138.379648,,8
05_00056.jpg,kept,163.490031,135.767649,,7
05_00057.jpg,kept,201.490249,133.578913,,7
05_00058.jpg,kept,192.108735,131.825414,,6
05_00059.jpg,rejected,162.036855,132.214392,duplicate(hamming=5<=5),5
05_00060.jpg,rejected,149.510106,132.556654,duplicate(hamming=5<=5),5
05_00061.jpg,rejected,136.060040,132.841383,duplicate(hamming=2<=5),2
05_00062.jpg,rejected,235.480405,131.391021,duplicate(hamming=5<=5),5
05_00063.jpg,rejected,91.884785,133.790834,blurry(var=91.9<100.0),
05_00064.jpg,rejected,102.284868,133.114005,duplicate(hamming=4<=5),4
05_00065.jpg,kept,132.551812,132.690983,,6
05_00066.jpg,rejected,108.144014,131.436043,duplicate(hamming=5<=5),5
05_00067.jpg,kept,212.799936,127.341033,,6
05_00068.jpg,kept,105.540192,124.617365,,9
05_00069.jpg,kept,161.417119,128.473207,,6
05_00070.jpg,rejected,199.287755,129.226616,duplicate(hamming=5<=5),5
05_00071.jpg,kept,295.793515,128.719073,,6
05_00072.jpg,kept,213.768066,128.541047,,6
05_00073.jpg,rejected,90.555556,130.856746,blurry(var=90.6<100.0),
05_00074.jpg,rejected,290.213773,129.270522,duplicate(hamming=5<=5),5
05_00075.jpg,kept,223.128358,128.984497,,8
05_00076.jpg,kept,121.202232,124.570633,,7
05_00077.jpg,rejected,210.493289,124.167490,duplicate(hamming=4<=5),4
05_00078.jpg,rejected,210.785496,122.782005,duplicate(hamming=5<=5),5
05_00079.jpg,rejected,254.356358,118.917625,duplicate(hamming=4<=5),4
05_00080.jpg,rejected,128.081426,119.338222,duplicate(hamming=5<=5),5
05_00081.jpg,rejected,117.198749,118.116181,duplicate(hamming=5<=5),5
05_00082.jpg,rejected,227.281339,117.614342,duplicate(hamming=3<=5),3
05_00083.jpg,rejected,114.211434,120.226136,duplicate(hamming=2<=5),2
05_00084.jpg,rejected,99.986278,122.382931,blurry(var=100.0<100.0),
05_00085.jpg,rejected,164.712986,123.146542,duplicate(hamming=5<=5),5
05_00086.jpg,rejected,156.116851,122.025398,duplicate(hamming=5<=5),5
05_00087.jpg,rejected,160.927074,121.876268,duplicate(hamming=5<=5),5
05_00088.jpg,rejected,82.072333,120.740027,blurry(var=82.1<100.0),
05_00089.jpg,rejected,194.925092,119.268426,duplicate(hamming=4<=5),4
05_00090.jpg,rejected,127.998141,122.791176,duplicate(hamming=5<=5),5
05_00091.jpg,rejected,101.040908,122.831117,duplicate(hamming=5<=5),5
05_00092.jpg,rejected,107.935370,123.845200,duplicate(hamming=4<=5),4
05_00093.jpg,rejected,136.531142,122.093768,duplicate(hamming=5<=5),5
05_00094.jpg,rejected,229.089718,123.127237,duplicate(hamming=5<=5),5
05_00095.jpg,kept,160.970250,127.388954,,7
05_00096.jpg,kept,143.114987,126.499472,,6
05_00097.jpg,kept,173.255329,122.084350,,6
05_00098.jpg,rejected,228.268902,122.563460,duplicate(hamming=5<=5),5
05_00099.jpg,rejected,181.164515,124.020310,duplicate(hamming=5<=5),5
05_00100.jpg,rejected,84.386058,120.612340,blurry(var=84.4<100.0),
05_00101.jpg,rejected,164.153884,119.908499,duplicate(hamming=5<=5),5
05_00102.jpg,rejected,119.073482,120.144497,duplicate(hamming=3<=5),3
05_00103.jpg,rejected,61.090621,120.416893,blurry(var=61.1<100.0),
05_00104.jpg,rejected,122.534235,121.046536,duplicate(hamming=5<=5),5
05_00105.jpg,rejected,168.651664,118.458183,duplicate(hamming=5<=5),5
05_00106.jpg,rejected,89.105004,116.509910,blurry(var=89.1<100.0),
05_00107.jpg,rejected,200.942379,122.879005,duplicate(hamming=5<=5),5
05_00108.jpg,rejected,176.203310,123.259923,duplicate(hamming=3<=5),3
05_00109.jpg,rejected,131.617501,120.853939,duplicate(hamming=5<=5),5
05_00110.jpg,rejected,97.667842,123.685969,blurry(var=97.7<100.0),
05_00111.jpg,rejected,87.212002,123.624021,blurry(var=87.2<100.0),
05_00112.jpg,rejected,206.689103,119.156918,duplicate(hamming=4<=5),4
05_00113.jpg,rejected,111.586322,115.584164,duplicate(hamming=5<=5),5
05_00114.jpg,rejected,69.482467,118.877819,blurry(var=69.5<100.0),
05_00115.jpg,rejected,169.040809,116.584255,duplicate(hamming=5<=5),5
05_00116.jpg,kept,207.036764,120.052203,,6
05_00117.jpg,rejected,118.090880,123.402165,duplicate(hamming=5<=5),5
05_00118.jpg,rejected,120.975865,124.019514,duplicate(hamming=5<=5),5
05_00119.jpg,rejected,121.645416,122.571388,duplicate(hamming=4<=5),4
05_00120.jpg,rejected,187.747150,118.872127,duplicate(hamming=5<=5),5
05_00121.jpg,rejected,89.163921,117.751349,blurry(var=89.2<100.0),
05_00122.jpg,rejected,75.903833,119.699718,blurry(var=75.9<100.0),
05_00123.jpg,rejected,127.548378,116.936356,duplicate(hamming=3<=5),3
06_00001.jpg,rejected,99.243787,115.793878,blurry(var=99.2<100.0),
06_00002.jpg,kept,103.941374,114.902960,,14
06_00003.jpg,kept,133.036318,107.582282,,12
06_00004.jpg,kept,127.325203,109.883751,,6
06_00005.jpg,rejected,82.214789,109.394017,blurry(var=82.2<100.0),
06_00006.jpg,rejected,79.300796,118.314346,blurry(var=79.3<100.0),
06_00007.jpg,kept,121.712427,109.121503,,8
06_00008.jpg,kept,109.382415,110.135094,,6
06_00009.jpg,rejected,77.981314,114.473737,blurry(var=78.0<100.0),
06_00010.jpg,kept,104.406648,117.052622,,11
06_00011.jpg,kept,128.216440,113.195391,,12
06_00012.jpg,kept,116.540248,110.803934,,8
06_00013.jpg,rejected,91.525893,112.248687,blurry(var=91.5<100.0),
06_00014.jpg,kept,121.133313,121.426799,,6
06_00015.jpg,rejected,70.229811,126.119635,blurry(var=70.2<100.0),
06_00016.jpg,rejected,99.378315,121.526802,blurry(var=99.4<100.0),
06_00017.jpg,rejected,87.908617,119.881112,blurry(var=87.9<100.0),
06_00018.jpg,rejected,79.384393,128.759975,blurry(var=79.4<100.0),
06_00019.jpg,rejected,70.246977,123.229543,blurry(var=70.2<100.0),
06_00020.jpg,rejected,81.633278,110.297631,blurry(var=81.6<100.0),
06_00021.jpg,rejected,53.955749,116.407206,blurry(var=54.0<100.0),
06_00022.jpg,rejected,97.409143,125.646438,blurry(var=97.4<100.0),
06_00023.jpg,rejected,73.567890,121.409482,blurry(var=73.6<100.0),
06_00024.jpg,rejected,95.992974,127.726941,blurry(var=96.0<100.0),
06_00025.jpg,rejected,66.980715,132.245665,blurry(var=67.0<100.0),
06_00026.jpg,rejected,91.226737,132.649380,blurry(var=91.2<100.0),
06_00027.jpg,rejected,69.572062,125.218881,blurry(var=69.6<100.0),
06_00028.jpg,rejected,57.378810,101.479689,blurry(var=57.4<100.0),
06_00029.jpg,rejected,69.731078,115.936441,blurry(var=69.7<100.0),
06_00030.jpg,rejected,78.111654,132.635730,blurry(var=78.1<100.0),
06_00031.jpg,rejected,55.673215,140.377329,blurry(var=55.7<100.0),
06_00032.jpg,rejected,49.871406,144.753331,blurry(var=49.9<100.0),
06_00033.jpg,rejected,94.846110,129.310717,blurry(var=94.8<100.0),
06_00034.jpg,kept,120.550787,128.803285,,11
06_00035.jpg,kept,132.560376,109.155709,,15
06_00036.jpg,kept,187.032295,109.550892,,16
06_00037.jpg,kept,156.950112,107.553395,,17
06_00038.jpg,kept,264.778748,105.690763,,17
06_00039.jpg,rejected,228.521384,105.390141,duplicate(hamming=3<=5),3
06_00040.jpg,kept,104.131162,109.208065,,12
06_00041.jpg,kept,126.204206,110.669768,,17
06_00042.jpg,kept,108.598203,126.499784,,14
06_00043.jpg,rejected,44.545002,113.485926,blurry(var=44.5<100.0),
06_00044.jpg,rejected,38.413989,110.883110,blurry(var=38.4<100.0),
06_00045.jpg,rejected,93.454238,115.779532,blurry(var=93.5<100.0),
06_00046.jpg,kept,190.200241,114.164912,,13
06_00047.jpg,kept,103.621960,124.545164,,7
06_00048.jpg,kept,108.697267,121.406083,,9
06_00049.jpg,kept,157.571420,124.545221,,9
06_00050.jpg,kept,137.338418,122.114998,,11
06_00051.jpg,rejected,65.948395,119.438658,blurry(var=65.9<100.0),
06_00052.jpg,kept,177.003170,119.382174,,10
06_00053.jpg,kept,142.407338,114.082206,,8
06_00054.jpg,rejected,151.393270,110.988542,duplicate(hamming=5<=5),5
06_00055.jpg,kept,117.583558,108.814038,,8
06_00056.jpg,kept,102.134788,110.385320,,6
06_00057.jpg,rejected,93.110864,122.946283,blurry(var=93.1<100.0),
06_00058.jpg,kept,138.773726,121.782317,,14
06_00059.jpg,kept,142.797515,115.478714,,10
06_00060.jpg,kept,115.010514,119.756576,,9
06_00061.jpg,rejected,125.255843,122.906016,duplicate(hamming=5<=5),5
06_00062.jpg,kept,129.394912,120.847041,,7
06_00063.jpg,rejected,135.110918,119.220085,duplicate(hamming=4<=5),4
06_00064.jpg,rejected,126.980832,123.838387,duplicate(hamming=5<=5),5
06_00065.jpg,rejected,125.264604,123.645952,duplicate(hamming=5<=5),5
06_00066.jpg,kept,132.558347,122.741661,,8
06_00067.jpg,kept,167.113012,118.404607,,9
06_00068.jpg,rejected,61.070981,118.974044,blurry(var=61.1<100.0),
06_00069.jpg,kept,148.094239,119.278433,,10
06_00070.jpg,kept,196.145713,122.693248,,11
06_00071.jpg,kept,108.277819,119.745849,,6
06_00072.jpg,rejected,90.219151,118.321117,blurry(var=90.2<100.0),
06_00073.jpg,rejected,83.208535,119.370205,blurry(var=83.2<100.0),
06_00074.jpg,rejected,65.953049,115.175898,blurry(var=66.0<100.0),
06_00075.jpg,kept,166.077846,118.283352,,8
06_00076.jpg,rejected,90.971425,117.038508,blurry(var=91.0<100.0),
06_00077.jpg,kept,137.591208,115.207779,,6
06_00078.jpg,kept,110.290691,115.078741,,6
06_00079.jpg,rejected,41.845429,115.928239,blurry(var=41.8<100.0),
06_00080.jpg,kept,132.380550,112.312148,,7
06_00081.jpg,rejected,41.554186,111.023006,blurry(var=41.6<100.0),
06_00082.jpg,rejected,20.220182,103.588385,blurry(var=20.2<100.0),
06_00083.jpg,rejected,14.501239,129.673036,blurry(var=14.5<100.0),
06_00084.jpg,rejected,30.988238,122.181386,blurry(var=31.0<100.0),
06_00085.jpg,rejected,70.779672,107.799861,blurry(var=70.8<100.0),
06_00086.jpg,rejected,78.193152,113.646527,blurry(var=78.2<100.0),
06_00087.jpg,rejected,97.813149,109.830766,blurry(var=97.8<100.0),
06_00088.jpg,kept,126.392514,111.203779,,10
06_00089.jpg,rejected,81.202580,113.783048,blurry(var=81.2<100.0),
06_00090.jpg,rejected,102.696593,121.139118,duplicate(hamming=4<=5),4
06_00091.jpg,kept,164.317719,117.089397,,6
06_00092.jpg,rejected,117.620442,114.348801,duplicate(hamming=4<=5),4
06_00093.jpg,rejected,110.291808,114.140978,duplicate(hamming=3<=5),3
06_00094.jpg,rejected,76.809435,112.917935,blurry(var=76.8<100.0),
06_00095.jpg,rejected,136.228599,111.839018,duplicate(hamming=5<=5),5
06_00096.jpg,rejected,122.922742,115.202322,duplicate(hamming=5<=5),5
06_00097.jpg,rejected,47.992171,117.703675,blurry(var=48.0<100.0),
06_00098.jpg,rejected,81.513577,128.361621,blurry(var=81.5<100.0),
06_00099.jpg,rejected,97.148804,131.614628,blurry(var=97.1<100.0),
06_00100.jpg,rejected,93.422385,135.822881,blurry(var=93.4<100.0),
06_00101.jpg,rejected,80.606688,136.477817,blurry(var=80.6<100.0),
06_00102.jpg,kept,101.262827,134.515765,,7
06_00103.jpg,rejected,187.557715,135.586785,duplicate(hamming=5<=5),5
06_00104.jpg,kept,121.773823,137.774743,,7
06_00105.jpg,kept,166.327949,138.575518,,7
06_00106.jpg,rejected,162.250477,131.688945,duplicate(hamming=4<=5),4
06_00107.jpg,kept,215.975905,126.963159,,12
06_00108.jpg,kept,187.162390,122.473866,,10
06_00109.jpg,kept,167.265463,126.665314,,9
06_00110.jpg,rejected,90.459883,133.161683,blurry(var=90.5<100.0),
06_00111.jpg,kept,156.907973,135.219259,,9
06_00112.jpg,rejected,166.265754,131.179375,duplicate(hamming=5<=5),5
06_00113.jpg,rejected,62.003845,136.360229,blurry(var=62.0<100.0),
06_00114.jpg,rejected,69.323157,131.816447,blurry(var=69.3<100.0),
06_00115.jpg,rejected,99.663418,132.197951,blurry(var=99.7<100.0),
06_00116.jpg,kept,102.615852,127.885225,,13
06_00117.jpg,kept,111.682245,119.951389,,13
06_00118.jpg,kept,142.411021,115.707566,,11
06_00119.jpg,kept,119.902926,118.554656,,11
06_00120.jpg,rejected,118.221700,115.290947,duplicate(hamming=4<=5),4
06_00121.jpg,kept,144.082416,112.824972,,10
06_00122.jpg,kept,102.235880,115.573967,,9
06_00123.jpg,rejected,167.235010,111.749235,duplicate(hamming=5<=5),5
07_00001.jpg,rejected,8.560635,21.964247,blurry(var=8.6<100.0),
07_00002.jpg,rejected,9.297934,21.962485,blurry(var=9.3<100.0),
07_00003.jpg,rejected,7.136020,22.099991,blurry(var=7.1<100.0),
07_00004.jpg,rejected,6.942936,22.182827,blurry(var=6.9<100.0),
07_00005.jpg,rejected,5.384036,23.356724,blurry(var=5.4<100.0),
07_00006.jpg,rejected,5.332272,24.019334,blurry(var=5.3<100.0),
07_00007.jpg,rejected,5.414183,24.305968,blurry(var=5.4<100.0),
07_00008.jpg,rejected,8.302163,25.754412,blurry(var=8.3<100.0),
07_00009.jpg,rejected,7.355932,25.490757,blurry(var=7.4<100.0),
07_00010.jpg,rejected,7.112118,26.122161,blurry(var=7.1<100.0),
07_00011.jpg,rejected,8.894398,24.686782,blurry(var=8.9<100.0),
07_00012.jpg,rejected,9.979314,26.307967,blurry(var=10.0<100.0),
07_00013.jpg,rejected,13.275932,29.143753,blurry(var=13.3<100.0),
07_00014.jpg,rejected,14.056328,30.538852,blurry(var=14.1<100.0),
07_00015.jpg,rejected,9.897576,30.012283,blurry(var=9.9<100.0),
07_00016.jpg,rejected,11.612738,27.304118,blurry(var=11.6<100.0),
07_00017.jpg,rejected,12.013726,24.511596,blurry(var=12.0<100.0),
07_00018.jpg,rejected,11.906369,25.620193,blurry(var=11.9<100.0),
07_00019.jpg,rejected,16.366113,26.911873,blurry(var=16.4<100.0),
07_00020.jpg,rejected,16.612774,27.578193,blurry(var=16.6<100.0),
07_00021.jpg,rejected,9.353636,26.342952,blurry(var=9.4<100.0),
07_00022.jpg,rejected,13.037236,24.934938,blurry(var=13.0<100.0),
07_00023.jpg,rejected,13.330786,24.389306,blurry(var=13.3<100.0),
07_00024.jpg,rejected,13.835930,28.082260,blurry(var=13.8<100.0),
07_00025.jpg,rejected,12.489316,25.200889,blurry(var=12.5<100.0),
07_00026.jpg,rejected,12.709454,19.936204,blurry(var=12.7<100.0),
07_00027.jpg,rejected,17.606756,21.536922,blurry(var=17.6<100.0),
07_00028.jpg,rejected,13.298359,20.985061,blurry(var=13.3<100.0),
07_00029.jpg,rejected,8.536858,21.262206,blurry(var=8.5<100.0),
07_00030.jpg,rejected,11.315119,22.798645,blurry(var=11.3<100.0),
07_00031.jpg,rejected,12.743558,23.986610,blurry(var=12.7<100.0),
07_00032.jpg,rejected,7.782542,24.231593,blurry(var=7.8<100.0),
07_00033.jpg,rejected,5.439495,22.167665,blurry(var=5.4<100.0),
07_00034.jpg,rejected,6.930712,21.539848,blurry(var=6.9<100.0),
07_00035.jpg,rejected,4.733341,22.021093,blurry(var=4.7<100.0),
07_00036.jpg,rejected,4.177216,18.620829,blurry(var=4.2<100.0),
07_00037.jpg,rejected,6.463453,18.165125,blurry(var=6.5<100.0),
07_00038.jpg,rejected,12.493274,21.449859,blurry(var=12.5<100.0),
07_00039.jpg,rejected,19.064027,25.984722,blurry(var=19.1<100.0),
07_00040.jpg,rejected,11.797688,32.756944,blurry(var=11.8<100.0),
07_00041.jpg,rejected,8.670230,35.449489,blurry(var=8.7<100.0),
07_00042.jpg,rejected,13.768797,34.181684,blurry(var=13.8<100.0),
07_00043.jpg,rejected,8.637837,33.219784,blurry(var=8.6<100.0),
07_00044.jpg,rejected,11.675241,31.618232,blurry(var=11.7<100.0),
07_00045.jpg,rejected,9.144575,32.968503,blurry(var=9.1<100.0),
07_00046.jpg,rejected,7.617421,29.064058,blurry(var=7.6<100.0),
07_00047.jpg,rejected,14.184382,28.133470,blurry(var=14.2<100.0),
07_00048.jpg,rejected,17.796672,30.687433,blurry(var=17.8<100.0),
07_00049.jpg,rejected,15.041393,23.572238,blurry(var=15.0<100.0),
07_00050.jpg,rejected,13.959261,24.281368,blurry(var=14.0<100.0),
07_00051.jpg,rejected,16.461692,25.664977,blurry(var=16.5<100.0),
07_00052.jpg,rejected,13.300383,27.576060,blurry(var=13.3<100.0),
07_00053.jpg,rejected,16.047586,28.654061,blurry(var=16.0<100.0),
07_00054.jpg,rejected,21.884940,27.906636,blurry(var=21.9<100.0),
07_00055.jpg,rejected,21.776413,25.742349,blurry(var=21.8<100.0),
07_00056.jpg,rejected,21.032831,25.806445,blurry(var=21.0<100.0),
07_00057.jpg,rejected,24.406550,25.403043,blurry(var=24.4<100.0),
07_00058.jpg,rejected,17.687324,26.854990,blurry(var=17.7<100.0),
07_00059.jpg,rejected,20.296549,28.278678,blurry(var=20.3<100.0),
07_00060.jpg,rejected,19.482281,28.460246,blurry(var=19.5<100.0),
07_00061.jpg,rejected,18.887901,30.698434,blurry(var=18.9<100.0),
07_00062.jpg,rejected,21.682867,32.344654,blurry(var=21.7<100.0),
07_00063.jpg,rejected,17.996931,33.087206,blurry(var=18.0<100.0),
07_00064.jpg,rejected,20.387352,31.815601,blurry(var=20.4<100.0),
07_00065.jpg,rejected,14.310597,28.985423,blurry(var=14.3<100.0),
07_00066.jpg,rejected,13.751600,29.289933,blurry(var=13.8<100.0),
07_00067.jpg,rejected,11.365436,27.433531,blurry(var=11.4<100.0),
07_00068.jpg,rejected,11.537917,25.717057,blurry(var=11.5<100.0),
07_00069.jpg,rejected,11.028820,26.780941,blurry(var=11.0<100.0),
07_00070.jpg,rejected,11.598697,25.785031,blurry(var=11.6<100.0),
07_00071.jpg,rejected,13.317639,26.210914,blurry(var=13.3<100.0),
07_00072.jpg,rejected,14.497056,25.976089,blurry(var=14.5<100.0),
07_00073.jpg,rejected,13.533154,28.026147,blurry(var=13.5<100.0),
07_00074.jpg,rejected,11.747100,26.649757,blurry(var=11.7<100.0),
07_00075.jpg,rejected,9.687361,26.869540,blurry(var=9.7<100.0),
07_00076.jpg,rejected,13.771245,26.379481,blurry(var=13.8<100.0),
07_00077.jpg,rejected,13.412128,28.108161,blurry(var=13.4<100.0),
07_00078.jpg,rejected,10.812835,28.888988,blurry(var=10.8<100.0),
07_00079.jpg,rejected,10.862078,31.325116,blurry(var=10.9<100.0),
07_00080.jpg,rejected,10.823435,33.421694,blurry(var=10.8<100.0),
07_00081.jpg,rejected,15.436305,31.255443,blurry(var=15.4<100.0),
07_00082.jpg,rejected,16.592300,31.142767,blurry(var=16.6<100.0),
07_00083.jpg,rejected,12.222718,27.351096,blurry(var=12.2<100.0),
07_00084.jpg,rejected,8.409941,28.828410,blurry(var=8.4<100.0),
07_00085.jpg,rejected,4.298522,24.542299,blurry(var=4.3<100.0),
07_00086.jpg,rejected,7.943796,29.049695,blurry(var=7.9<100.0),
07_00087.jpg,rejected,5.129516,27.902905,blurry(var=5.1<100.0),
07_00088.jpg,rejected,4.718160,30.314142,blurry(var=4.7<100.0),
07_00089.jpg,rejected,4.490388,26.359355,blurry(var=4.5<100.0),
07_00090.jpg,rejected,6.589237,26.390740,blurry(var=6.6<100.0),
07_00091.jpg,rejected,11.294800,26.065723,blurry(var=11.3<100.0),
07_00092.jpg,rejected,12.880944,27.909587,blurry(var=12.9<100.0),
07_00093.jpg,rejected,13.486202,28.104936,blurry(var=13.5<100.0),
07_00094.jpg,rejected,16.945795,27.707569,blurry(var=16.9<100.0),
07_00095.jpg,rejected,17.231035,27.143893,blurry(var=17.2<100.0),
07_00096.jpg,rejected,17.180710,28.045505,blurry(var=17.2<100.0),
07_00097.jpg,rejected,11.907309,28.470819,blurry(var=11.9<100.0),
07_00098.jpg,rejected,14.473668,29.851401,blurry(var=14.5<100.0),
07_00099.jpg,rejected,22.314851,26.080857,blurry(var=22.3<100.0),
07_00100.jpg,rejected,18.783581,26.823889,blurry(var=18.8<100.0),
07_00101.jpg,rejected,22.571501,27.624051,blurry(var=22.6<100.0),
07_00102.jpg,rejected,18.209079,27.830124,blurry(var=18.2<100.0),
07_00103.jpg,rejected,17.560813,25.316263,blurry(var=17.6<100.0),
07_00104.jpg,rejected,20.528945,27.528786,blurry(var=20.5<100.0),
07_00105.jpg,rejected,28.370020,24.008835,blurry(var=28.4<100.0),
07_00106.jpg,rejected,22.675828,24.807840,blurry(var=22.7<100.0),
07_00107.jpg,rejected,25.116362,25.972526,blurry(var=25.1<100.0),
07_00108.jpg,rejected,30.304140,26.835863,blurry(var=30.3<100.0),
07_00109.jpg,rejected,32.913279,27.131776,blurry(var=32.9<100.0),
07_00110.jpg,rejected,25.978099,24.998828,blurry(var=26.0<100.0),
07_00111.jpg,rejected,18.559188,25.730847,blurry(var=18.6<100.0),
07_00112.jpg,rejected,20.580291,23.312777,blurry(var=20.6<100.0),
07_00113.jpg,rejected,19.977709,22.198711,blurry(var=20.0<100.0),
07_00114.jpg,rejected,16.598527,23.055407,blurry(var=16.6<100.0),
07_00115.jpg,rejected,12.444998,22.071825,blurry(var=12.4<100.0),
07_00116.jpg,rejected,15.034179,20.777617,blurry(var=15.0<100.0),
07_00117.jpg,rejected,13.510471,21.248990,blurry(var=13.5<100.0),
07_00118.jpg,rejected,15.381379,21.752944,blurry(var=15.4<100.0),
07_00119.jpg,rejected,14.784679,22.787370,blurry(var=14.8<100.0),
07_00120.jpg,rejected,12.441013,21.228110,blurry(var=12.4<100.0),
07_00121.jpg,rejected,13.817365,23.809878,blurry(var=13.8<100.0),
07_00122.jpg,rejected,12.810222,24.392146,blurry(var=12.8<100.0),
07_00123.jpg,rejected,16.177225,27.146402,blurry(var=16.2<100.0),
07_00124.jpg,rejected,11.488861,26.383928,blurry(var=11.5<100.0),
07_00125.jpg,rejected,13.443345,25.797063,blurry(var=13.4<100.0),
07_00126.jpg,rejected,8.626196,25.698886,blurry(var=8.6<100.0),
07_00127.jpg,rejected,5.760782,23.348998,blurry(var=5.8<100.0),
07_00128.jpg,rejected,6.946506,25.233863,blurry(var=6.9<100.0),
07_00129.jpg,rejected,5.643784,25.435767,blurry(var=5.6<100.0),
07_00130.jpg,rejected,3.975608,24.705576,blurry(var=4.0<100.0),
07_00131.jpg,rejected,3.809346,25.851770,blurry(var=3.8<100.0),
07_00132.jpg,rejected,8.215286,24.795554,blurry(var=8.2<100.0),
07_00133.jpg,rejected,5.551978,23.675020,blurry(var=5.6<100.0),
