filename,var,mean,status,reason,dup_distance
01_00001.jpg,300.284467,114.664984,kept,,
01_00002.jpg,304.207016,115.381392,rejected,duplicate(hamming=0<=5),
01_00003.jpg,316.664042,114.053522,rejected,duplicate(hamming=0<=5),
01_00004.jpg,258.196439,111.766470,rejected,duplicate(hamming=0<=5),
01_00005.jpg,303.935125,116.923192,rejected,duplicate(hamming=4<=5),4
01_00006.jpg,272.766124,116.804027,rejected,duplicate(hamming=3<=5),3
01_00007.jpg,269.191584,116.639584,rejected,duplicate(hamming=2<=5),2
01_00008.jpg,293.780260,116.155696,rejected,duplicate(hamming=4<=5),4
01_00009.jpg,233.170565,117.761236,rejected,duplicate(hamming=4<=5),4
01_00010.jpg,294.872413,115.160669,rejected,duplicate(hamming=4<=5),4
01_00011.jpg,271.789484,114.331519,rejected,duplicate(hamming=5<=5),5
01_00012.jpg,240.005869,116.623210,kept,,7
01_00013.jpg,243.842952,111.521348,rejected,duplicate(hamming=2<=5),2
01_00014.jpg,263.450659,112.296100,rejected,duplicate(hamming=5<=5),5
01_00015.jpg,220.604924,115.471757,rejected,duplicate(hamming=4<=5),4
01_00016.jpg,236.427164,117.901969,rejected,duplicate(hamming=3<=5),3
01_00017.jpg,265.668109,117.651036,rejected,duplicate(hamming=4<=5),4
01_00018.jpg,198.918843,118.796769,rejected,duplicate(hamming=5<=5),5
01_00019.jpg,222.083194,118.103598,rejected,duplicate(hamming=4<=5),4
01_00020.jpg,278.042716,119.819008,kept,,6
01_00021.jpg,220.547410,120.569535,rejected,duplicate(hamming=2<=5),2
01_00022.jpg,236.229429,119.435908,kept,,9
01_00023.jpg,304.478913,120.061911,kept,,9
01_00024.jpg,251.811059,124.261143,kept,,9
01_00025.jpg,239.919725,121.763671,kept,,10
01_00026.jpg,301.984916,123.265927,rejected,duplicate(hamming=4<=5),4
01_00027.jpg,260.846304,128.459372,kept,,10
01_00028.jpg,253.221657,131.172829,rejected,duplicate(hamming=4<=5),4
01_00029.jpg,261.735422,128.604079,kept,,7
01_00030.jpg,234.103677,125.068411,rejected,duplicate(hamming=2<=5),2
01_00031.jpg,246.945518,122.674783,kept,,8
01_00032.jpg,261.512655,122.835996,rejected,duplicate(hamming=5<=5),5
01_00033.jpg,254.690838,121.394634,rejected,duplicate(hamming=5<=5),5
01_00034.jpg,243.115302,114.350552,kept,,9
01_00035.jpg,216.164844,116.119769,rejected,duplicate(hamming=1<=5),1
01_00036.jpg,258.943124,116.849785,rejected,duplicate(hamming=3<=5),3
01_00037.jpg,236.397784,115.615915,kept,,7
01_00038.jpg,250.344246,115.463410,kept,,6
01_00039.jpg,230.056492,116.894226,rejected,duplicate(hamming=5<=5),5
01_00040.jpg,218.721872,118.339282,rejected,duplicate(hamming=5<=5),5
01_00041.jpg,226.834918,117.178955,kept,,7
01_00042.jpg,288.842126,117.002687,kept,,8
01_00043.jpg,263.020008,111.710143,kept,,7
01_00044.jpg,198.386434,111.490412,kept,,7
01_00045.jpg,202.458510,111.014690,kept,,12
01_00046.jpg,323.338601,109.793775,kept,,9
01_00047.jpg,338.762640,109.073953,kept,,7
01_00048.jpg,282.434806,109.218354,kept,,8
01_00049.jpg,249.445377,115.500849,kept,,9
01_00050.jpg,186.179411,117.865839,rejected,duplicate(hamming=4<=5),4
01_00051.jpg,305.220887,114.509631,rejected,duplicate(hamming=5<=5),5
01_00052.jpg,179.252066,113.568318,kept,,9
01_00053.jpg,267.219812,112.141611,kept,,7
01_00054.jpg,195.012772,119.893874,kept,,6
01_00055.jpg,126.638296,122.514686,kept,,6
01_00056.jpg,227.834146,122.900312,rejected,duplicate(hamming=5<=5),5
01_00057.jpg,259.692857,120.387822,kept,,7
01_00058.jpg,262.444226,118.854447,rejected,duplicate(hamming=5<=5),5
01_00059.jpg,203.562556,124.319045,kept,,9
01_00060.jpg,254.043383,125.045664,rejected,duplicate(hamming=2<=5),2
01_00061.jpg,313.778912,123.937154,kept,,9
01_00062.jpg,264.336505,128.372657,kept,,11
01_00063.jpg,205.876294,129.981500,kept,,6
01_00064.jpg,136.399738,130.132381,rejected,duplicate(hamming=4<=5),4
01_00065.jpg,205.130281,130.315122,kept,,11
01_00066.jpg,77.370183,135.549725,rejected,blurry(var=77.4<100.0),
01_00067.jpg,137.779532,138.157581,kept,,7
01_00068.jpg,278.562093,131.978099,kept,,7
01_00069.jpg,280.588562,131.252688,kept,,12
01_00070.jpg,190.134227,131.430259,rejected,duplicate(hamming=4<=5),4
01_00071.jpg,241.572645,130.128362,kept,,6
01_00072.jpg,246.582721,128.155730,kept,,6
01_00073.jpg,278.635695,126.383553,kept,,6
01_00074.jpg,285.934137,128.103703,kept,,6
01_00075.jpg,235.499896,129.889805,rejected,duplicate(hamming=4<=5),4
01_00076.jpg,234.351479,128.936710,kept,,7
01_00077.jpg,204.357606,127.230785,kept,,9
01_00078.jpg,305.842115,125.797727,kept,,6
01_00079.jpg,319.515619,125.130656,kept,,8
01_00080.jpg,168.779218,126.300250,kept,,6
01_00081.jpg,203.320258,125.293908,kept,,6
01_00082.jpg,267.358715,127.204897,kept,,7
01_00083.jpg,299.203215,128.095648,kept,,8
01_00084.jpg,325.458763,127.091033,rejected,duplicate(hamming=5<=5),5
01_00085.jpg,292.535646,125.070811,kept,,7
01_00086.jpg,223.500690,124.875915,rejected,duplicate(hamming=5<=5),5
01_00087.jpg,255.467501,121.724779,kept,,6
01_00088.jpg,327.021957,120.996108,kept,,6
01_00089.jpg,283.568989,121.060157,rejected,duplicate(hamming=5<=5),5
01_00090.jpg,157.718989,120.404850,kept,,15
01_00091.jpg,181.308822,120.279051,kept,,11
01_00092.jpg,128.698510,125.129681,kept,,6
01_00093.jpg,156.130889,128.016954,kept,,13
01_00094.jpg,261.215869,126.646961,kept,,10
01_00095.jpg,211.311561,124.104801,kept,,7
01_00096.jpg,194.656426,122.237693,kept,,13
01_00097.jpg,152.011164,124.247947,kept,,8
01_00098.jpg,301.479803,123.090477,kept,,7
01_00099.jpg,214.389461,122.147238,kept,,15
01_00100.jpg,299.288830,118.241152,kept,,11
01_00101.jpg,257.139496,119.994877,kept,,9
01_00102.jpg,176.924716,122.582400,kept,,15
01_00103.jpg,164.756541,122.475724,rejected,duplicate(hamming=4<=5),4
01_00104.jpg,238.715029,117.838411,kept,,17
01_00105.jpg,233.593583,115.213404,kept,,15
01_00106.jpg,212.017849,116.664112,kept,,6
01_00107.jpg,168.955205,111.641755,kept,,6
01_00108.jpg,101.414834,108.605480,kept,,7
01_00109.jpg,162.984597,104.898498,kept,,7
01_00110.jpg,126.440814,116.292489,kept,,13
01_00111.jpg,262.539190,115.957021,kept,,13
01_00112.jpg,159.394323,127.730788,kept,,14
01_00113.jpg,111.112120,127.168644,kept,,11
01_00114.jpg,122.140485,124.755882,kept,,14
01_00115.jpg,67.524934,129.692016,rejected,blurry(var=67.5<100.0),
01_00116.jpg,196.712670,128.049474,kept,,11
01_00117.jpg,121.835880,127.398295,kept,,6
01_00118.jpg,191.872573,126.223599,rejected,duplicate(hamming=5<=5),5
01_00119.jpg,135.848192,124.490702,rejected,duplicate(hamming=5<=5),5
01_00120.jpg,63.449022,127.196028,rejected,blurry(var=63.4<100.0),
01_00121.jpg,300.418803,120.269137,kept,,12
01_00122.jpg,217.271266,111.934661,kept,,8
01_00123.jpg,262.521160,111.506225,kept,,8
01_00124.jpg,354.347294,113.018169,kept,,8
01_00125.jpg,310.891700,115.995023,kept,,7
02_00001.jpg,274.231902,121.035410,rejected,duplicate(hamming=3<=5),3
02_00002.jpg,267.514028,121.004412,rejected,duplicate(hamming=3<=5),3
02_00003.jpg,247.777622,121.335522,rejected,duplicate(hamming=5<=5),5
02_00004.jpg,189.869375,121.708714,rejected,duplicate(hamming=5<=5),5
02_00005.jpg,182.568146,126.368133,kept,,6
02_00006.jpg,155.282733,125.059223,kept,,6
02_00007.jpg,212.731786,123.044910,kept,,9
02_00008.jpg,224.551139,123.240240,kept,,6
02_00009.jpg,197.853732,119.316898,kept,,11
02_00010.jpg,179.601321,114.809741,kept,,16
02_00011.jpg,82.143938,108.664072,rejected,blurry(var=82.1<100.0),
02_00012.jpg,131.468419,123.589490,kept,,14
02_00013.jpg,153.027564,121.611200,rejected,duplicate(hamming=4<=5),4
02_00014.jpg,120.120216,116.851633,kept,,7
02_00015.jpg,156.724988,114.744666,rejected,duplicate(hamming=3<=5),3
02_00016.jpg,124.220764,116.507871,rejected,duplicate(hamming=5<=5),5
02_00017.jpg,198.806978,115.759707,rejected,duplicate(hamming=3<=5),3
02_00018.jpg,113.193008,119.620169,rejected,duplicate(hamming=4<=5),4
02_00019.jpg,88.604721,119.936982,rejected,blurry(var=88.6<100.0),
02_00020.jpg,145.542246,122.352603,rejected,duplicate(hamming=5<=5),5
02_00021.jpg,99.841013,121.951054,rejected,blurry(var=99.8<100.0),
02_00022.jpg,139.119760,115.185525,kept,,6
02_00023.jpg,107.936572,109.482082,rejected,duplicate(hamming=2<=5),2
02_00024.jpg,147.931185,109.893220,rejected,duplicate(hamming=3<=5),3
02_00025.jpg,143.983236,108.594233,rejected,duplicate(hamming=5<=5),5
02_00026.jpg,167.311898,107.284187,kept,,6
02_00027.jpg,166.871289,106.680227,kept,,7
02_00028.jpg,174.399528,111.628776,kept,,9
02_00029.jpg,175.708111,121.970340,rejected,duplicate(hamming=5<=5),5
02_00030.jpg,198.200476,118.378010,kept,,7
02_00031.jpg,136.356597,123.093431,rejected,duplicate(hamming=2<=5),2
02_00032.jpg,194.191287,123.154767,rejected,duplicate(hamming=4<=5),4
02_00033.jpg,164.694097,122.202050,rejected,duplicate(hamming=5<=5),5
02_00034.jpg,135.172070,122.589111,rejected,duplicate(hamming=5<=5),5
02_00035.jpg,160.024185,118.032929,rejected,duplicate(hamming=5<=5),5
02_00036.jpg,195.670700,117.256111,rejected,duplicate(hamming=4<=5),4
02_00037.jpg,200.064818,114.004914,kept,,6
02_00038.jpg,249.057140,115.818903,rejected,duplicate(hamming=1<=5),1
02_00039.jpg,257.024719,116.832568,rejected,duplicate(hamming=1<=5),1
02_00040.jpg,245.310696,114.828850,rejected,duplicate(hamming=1<=5),1
02_00041.jpg,253.720237,114.853627,rejected,duplicate(hamming=0<=5),
02_00042.jpg,259.223049,116.240042,rejected,duplicate(hamming=5<=5),5
02_00043.jpg,264.499302,118.166508,rejected,duplicate(hamming=3<=5),3
02_00044.jpg,223.983159,121.197971,kept,,8
02_00045.jpg,207.942008,119.568048,rejected,duplicate(hamming=2<=5),2
02_00046.jpg,197.773567,117.895284,rejected,duplicate(hamming=4<=5),4
02_00047.jpg,135.611231,116.066684,kept,,10
02_00048.jpg,180.203578,114.497645,kept,,19
02_00049.jpg,114.192061,121.544542,kept,,6
02_00050.jpg,146.852116,114.170299,rejected,duplicate(hamming=5<=5),5
02_00051.jpg,181.574148,118.189824,rejected,duplicate(hamming=5<=5),5
02_00052.jpg,212.649783,119.708840,rejected,duplicate(hamming=4<=5),4
02_00053.jpg,190.321757,119.657870,rejected,duplicate(hamming=5<=5),5
02_00054.jpg,219.291368,118.661132,rejected,duplicate(hamming=5<=5),5
02_00055.jpg,253.343356,119.551220,rejected,duplicate(hamming=3<=5),3
02_00056.jpg,195.418420,122.502305,kept,,8
02_00057.jpg,195.715197,125.675649,rejected,duplicate(hamming=5<=5),5
02_00058.jpg,260.433717,122.631259,kept,,10
02_00059.jpg,136.814979,125.738621,kept,,8
02_00060.jpg,185.034464,124.358775,kept,,7
02_00061.jpg,227.328591,117.822168,kept,,7
02_00062.jpg,243.093949,114.464785,kept,,6
02_00063.jpg,168.228478,115.302505,kept,,7
02_00064.jpg,178.304552,117.394699,rejected,duplicate(hamming=5<=5),5
02_00065.jpg,224.070850,119.096303,rejected,duplicate(hamming=5<=5),5
02_00066.jpg,148.508539,120.358974,rejected,duplicate(hamming=4<=5),4
02_00067.jpg,199.446148,122.837645,kept,,7
02_00068.jpg,185.189431,120.711490,rejected,duplicate(hamming=2<=5),2
02_00069.jpg,178.266898,121.156910,kept,,10
02_00070.jpg,92.368887,127.205336,rejected,blurry(var=92.4<100.0),
02_00071.jpg,108.778962,121.426238,rejected,duplicate(hamming=5<=5),5
02_00072.jpg,167.655396,119.351144,rejected,duplicate(hamming=5<=5),5
02_00073.jpg,183.968534,120.067684,rejected,duplicate(hamming=4<=5),4
02_00074.jpg,139.754387,113.932818,rejected,duplicate(hamming=5<=5),5
02_00075.jpg,129.132380,115.020077,rejected,duplicate(hamming=3<=5),3
02_00076.jpg,151.070917,114.217950,rejected,duplicate(hamming=4<=5),4
02_00077.jpg,183.529265,111.231720,rejected,duplicate(hamming=5<=5),5
02_00078.jpg,180.190953,114.202109,rejected,duplicate(hamming=3<=5),3
02_00079.jpg,127.405987,116.468140,rejected,duplicate(hamming=3<=5),3
02_00080.jpg,174.864715,119.231365,rejected,duplicate(hamming=1<=5),1
02_00081.jpg,230.275484,117.039900,rejected,duplicate(hamming=3<=5),3
02_00082.jpg,240.026514,116.944289,rejected,duplicate(hamming=3<=5),3
02_00083.jpg,138.793941,118.144438,rejected,duplicate(hamming=0<=5),
02_00084.jpg,248.117555,116.354991,rejected,duplicate(hamming=2<=5),2
03_00001.jpg,222.181069,115.306462,kept,,21
03_00002.jpg,218.134914,115.577582,rejected,duplicate(hamming=1<=5),1
03_00003.jpg,217.098456,116.263703,rejected,duplicate(hamming=4<=5),4
03_00004.jpg,120.142752,119.894051,rejected,duplicate(hamming=3<=5),3
03_00005.jpg,219.789706,116.937312,rejected,duplicate(hamming=4<=5),4
03_00006.jpg,195.965813,114.132913,rejected,duplicate(hamming=5<=5),5
03_00007.jpg,142.319681,119.527381,kept,,7
03_00008.jpg,76.041715,113.648052,rejected,blurry(var=76.0<100.0),
03_00009.jpg,188.064968,115.145692,kept,,6
03_00010.jpg,149.192492,117.434402,rejected,duplicate(hamming=5<=5),5
03_00011.jpg,120.914198,120.026262,rejected,duplicate(hamming=5<=5),5
03_00012.jpg,243.804467,119.518890,rejected,duplicate(hamming=5<=5),5
03_00013.jpg,243.321756,116.820720,rejected,duplicate(hamming=5<=5),5
03_00014.jpg,134.351201,118.061891,rejected,duplicate(hamming=4<=5),4
03_00015.jpg,161.920949,118.505865,rejected,duplicate(hamming=5<=5),5
03_00016.jpg,105.040624,120.943700,kept,,9
03_00017.jpg,159.673843,120.573551,rejected,duplicate(hamming=3<=5),3
03_00018.jpg,174.985933,120.724278,kept,,9
03_00019.jpg,170.434169,123.605755,kept,,6
03_00020.jpg,143.533379,125.279567,kept,,8
03_00021.jpg,122.241983,127.608290,rejected,duplicate(hamming=4<=5),4
03_00022.jpg,114.908963,124.941383,kept,,6
03_00023.jpg,154.713403,126.129053,rejected,duplicate(hamming=3<=5),3
03_00024.jpg,183.852816,124.633287,rejected,duplicate(hamming=5<=5),5
03_00025.jpg,178.079478,127.250923,kept,,14
03_00026.jpg,184.846368,125.197475,rejected,duplicate(hamming=5<=5),5
03_00027.jpg,171.669105,120.780268,kept,,9
03_00028.jpg,90.359726,121.645024,rejected,blurry(var=90.4<100.0),
03_00029.jpg,179.268773,119.834621,rejected,duplicate(hamming=4<=5),4
03_00030.jpg,194.300462,119.746504,kept,,9
03_00031.jpg,145.272307,117.617807,kept,,6
03_00032.jpg,213.421459,115.876393,rejected,duplicate(hamming=4<=5),4
03_00033.jpg,250.784816,118.618155,kept,,6
03_00034.jpg,88.008105,132.622225,rejected,blurry(var=88.0<100.0),
03_00035.jpg,106.003851,131.172856,kept,,17
03_00036.jpg,168.053999,130.375613,kept,,9
03_00037.jpg,68.047929,134.222558,rejected,blurry(var=68.0<100.0),
03_00038.jpg,171.400156,132.496495,kept,,9
03_00039.jpg,146.618159,132.300556,kept,,6
03_00040.jpg,241.562988,130.894125,kept,,10
03_00041.jpg,236.785195,129.868014,kept,,6
03_00042.jpg,263.597458,127.234839,kept,,8
03_00043.jpg,135.597191,128.392438,kept,,8
03_00044.jpg,164.488581,131.271787,kept,,6
03_00045.jpg,86.376791,130.501604,rejected,blurry(var=86.4<100.0),
03_00046.jpg,155.998679,131.774757,kept,,9
03_00047.jpg,232.624501,129.101133,kept,,6
03_00048.jpg,160.620840,130.092961,rejected,duplicate(hamming=3<=5),3
03_00049.jpg,111.725348,130.298854,kept,,6
03_00050.jpg,78.592019,131.041790,rejected,blurry(var=78.6<100.0),
03_00051.jpg,173.720897,129.360446,kept,,6
03_00052.jpg,112.929860,129.524125,kept,,8
03_00053.jpg,219.156442,127.932683,rejected,duplicate(hamming=5<=5),5
03_00054.jpg,104.035558,129.542540,kept,,7
03_00055.jpg,324.503387,126.309363,rejected,duplicate(hamming=5<=5),5
03_00056.jpg,122.155239,128.726609,kept,,6
03_00057.jpg,236.313519,129.222276,kept,,6
03_00058.jpg,247.543259,132.633118,kept,,9
03_00059.jpg,414.987329,129.373875,kept,,6
03_00060.jpg,350.184516,130.559809,kept,,6
03_00061.jpg,382.208478,131.022620,kept,,10
03_00062.jpg,199.396351,132.007225,rejected,duplicate(hamming=5<=5),5
03_00063.jpg,227.172055,133.658469,kept,,14
03_00064.jpg,85.165261,132.614477,rejected,blurry(var=85.2<100.0),
03_00065.jpg,177.715846,133.104288,kept,,9
03_00066.jpg,250.284926,131.287986,kept,,12
03_00067.jpg,157.537085,130.858435,kept,,9
03_00068.jpg,260.238702,130.109417,kept,,6
03_00069.jpg,211.477932,132.632772,kept,,6
03_00070.jpg,260.010295,132.418507,rejected,duplicate(hamming=5<=5),5
03_00071.jpg,113.283965,132.357537,rejected,duplicate(hamming=5<=5),5
03_00072.jpg,289.119184,130.799248,kept,,11
03_00073.jpg,146.504620,130.686226,rejected,duplicate(hamming=3<=5),3
03_00074.jpg,292.191812,128.859617,rejected,duplicate(hamming=4<=5),4
03_00075.jpg,189.902235,131.500897,kept,,7
03_00076.jpg,260.633541,127.529244,kept,,13
03_00077.jpg,151.369543,130.135740,rejected,duplicate(hamming=5<=5),5
03_00078.jpg,100.618402,128.249654,rejected,duplicate(hamming=5<=5),5
03_00079.jpg,108.307544,126.330132,kept,,9
03_00080.jpg,176.148784,125.931905,rejected,duplicate(hamming=4<=5),4
03_00081.jpg,155.974264,121.825320,kept,,6
03_00082.jpg,217.551391,116.872028,rejected,duplicate(hamming=4<=5),4
03_00083.jpg,119.208472,121.245723,kept,,6
03_00084.jpg,132.606116,116.813021,kept,,9
03_00085.jpg,136.672753,119.207884,rejected,duplicate(hamming=0<=5),
03_00086.jpg,106.550540,123.931145,rejected,duplicate(hamming=5<=5),5
03_00087.jpg,151.624855,123.595007,kept,,6
03_00088.jpg,181.111969,123.285530,rejected,duplicate(hamming=3<=5),3
03_00089.jpg,262.069567,120.442840,rejected,duplicate(hamming=3<=5),3
03_00090.jpg,258.711046,122.500920,rejected,duplicate(hamming=4<=5),4
03_00091.jpg,258.004672,119.569389,kept,,6
03_00092.jpg,89.272199,123.617585,rejected,blurry(var=89.3<100.0),
03_00093.jpg,214.405243,120.562957,rejected,duplicate(hamming=3<=5),3
03_00094.jpg,109.392414,126.555869,rejected,duplicate(hamming=5<=5),5
03_00095.jpg,161.017169,123.778174,rejected,duplicate(hamming=4<=5),4
03_00096.jpg,215.843722,120.073315,rejected,duplicate(hamming=5<=5),5
03_00097.jpg,146.943922,118.483007,rejected,duplicate(hamming=5<=5),5
03_00098.jpg,137.061776,117.637751,rejected,duplicate(hamming=5<=5),5
03_00099.jpg,149.124337,121.247182,rejected,duplicate(hamming=5<=5),5
03_00100.jpg,112.590888,121.399605,kept,,7
03_00101.jpg,137.412187,119.428564,rejected,duplicate(hamming=5<=5),5
03_00102.jpg,146.063329,123.747917,kept,,8
03_00103.jpg,212.817261,119.926642,rejected,duplicate(hamming=5<=5),5
03_00104.jpg,158.058654,122.294897,kept,,7
03_00105.jpg,71.402632,119.051696,rejected,blurry(var=71.4<100.0),
03_00106.jpg,199.245559,117.749558,kept,,6
03_00107.jpg,190.686672,118.428422,kept,,7
03_00108.jpg,198.794558,119.148869,rejected,duplicate(hamming=5<=5),5
03_00109.jpg,90.177317,117.436922,rejected,blurry(var=90.2<100.0),
03_00110.jpg,171.111736,113.584629,rejected,duplicate(hamming=5<=5),5
03_00111.jpg,109.781684,123.249863,rejected,duplicate(hamming=3<=5),3
03_00112.jpg,169.681778,118.658452,rejected,duplicate(hamming=3<=5),3
03_00113.jpg,194.228508,118.321465,kept,,15
03_00114.jpg,159.790321,116.467973,kept,,8
03_00115.jpg,138.422280,118.349608,kept,,6
03_00116.jpg,104.198217,121.287450,rejected,duplicate(hamming=5<=5),5
03_00117.jpg,155.480035,121.123258,kept,,6
03_00118.jpg,180.956119,119.742014,kept,,7
03_00119.jpg,179.449332,120.718165,kept,,7
03_00120.jpg,107.985905,120.769339,rejected,duplicate(hamming=5<=5),5
03_00121.jpg,137.573935,119.061604,kept,,10
03_00122.jpg,166.027070,121.473036,kept,,6
03_00123.jpg,182.578589,122.994685,rejected,duplicate(hamming=2<=5),2
04_00001.jpg,237.739397,119.872011,kept,,20
04_00002.jpg,257.274819,119.707122,rejected,duplicate(hamming=3<=5),3
04_00003.jpg,183.411181,119.869590,kept,,9
04_00004.jpg,293.691539,122.004962,rejected,duplicate(hamming=5<=5),5
04_00005.jpg,237.451148,121.662566,kept,,7
04_00006.jpg,193.840074,118.454041,kept,,8
04_00007.jpg,307.390233,118.531655,kept,,6
04_00008.jpg,106.082488,117.399701,kept,,7
04_00009.jpg,180.280325,112.253503,kept,,7
04_00010.jpg,180.559417,111.404722,kept,,7
04_00011.jpg,238.281728,111.837326,kept,,6
04_00012.jpg,121.604947,110.654559,kept,,10
04_00013.jpg,139.516326,114.684715,kept,,9
04_00014.jpg,177.322259,117.150105,rejected,duplicate(hamming=4<=5),4
04_00015.jpg,62.902636,112.979503,rejected,blurry(var=62.9<100.0),
04_00016.jpg,169.647170,108.219256,kept,,7
04_00017.jpg,144.723964,108.815299,rejected,duplicate(hamming=5<=5),5
04_00018.jpg,48.173927,108.657191,rejected,blurry(var=48.2<100.0),
04_00019.jpg,77.554479,108.876931,rejected,blurry(var=77.6<100.0),
04_00020.jpg,174.984178,116.550809,kept,,20
04_00021.jpg,43.455914,120.322286,rejected,blurry(var=43.5<100.0),
04_00022.jpg,108.099940,122.492336,kept,,15
04_00023.jpg,232.808006,119.070437,kept,,12
04_00024.jpg,238.837958,119.331475,kept,,7
04_00025.jpg,140.807934,118.680081,rejected,duplicate(hamming=4<=5),4
04_00026.jpg,236.480815,119.263360,kept,,9
04_00027.jpg,220.968492,119.537778,rejected,duplicate(hamming=4<=5),4
04_00028.jpg,141.083174,118.976049,kept,,7
04_00029.jpg,251.313292,118.164633,rejected,duplicate(hamming=4<=5),4
04_00030.jpg,191.645845,120.709791,kept,,7
04_00031.jpg,189.927527,119.126645,rejected,duplicate(hamming=2<=5),2
04_00032.jpg,102.731907,118.561122,rejected,duplicate(hamming=5<=5),5
04_00033.jpg,159.332768,117.717616,kept,,7
04_00034.jpg,206.536909,111.442848,rejected,duplicate(hamming=4<=5),4
04_00035.jpg,160.839197,115.810660,kept,,8
04_00036.jpg,186.134223,117.494909,rejected,duplicate(hamming=1<=5),1
04_00037.jpg,193.951394,117.650873,kept,,10
04_00038.jpg,139.245023,116.742432,kept,,8
04_00039.jpg,118.952578,115.335065,rejected,duplicate(hamming=3<=5),3
04_00040.jpg,120.398207,119.154784,kept,,10
04_00041.jpg,157.575278,119.302814,kept,,6
04_00042.jpg,165.002473,118.015347,rejected,duplicate(hamming=4<=5),4
04_00043.jpg,115.053286,116.974442,kept,,15
04_00044.jpg,134.453986,122.759780,kept,,8
04_00045.jpg,142.979986,120.687898,kept,,7
04_00046.jpg,112.457819,120.649404,kept,,6
04_00047.jpg,117.452076,123.025623,kept,,6
04_00048.jpg,137.724802,120.713777,kept,,8
04_00049.jpg,93.902844,119.495818,rejected,blurry(var=93.9<100.0),
04_00050.jpg,122.333749,124.254554,kept,,8
04_00051.jpg,112.051916,128.219327,rejected,duplicate(hamming=5<=5),5
04_00052.jpg,118.918856,126.552999,kept,,8
04_00053.jpg,152.632397,125.881248,kept,,7
04_00054.jpg,93.883219,123.263805,rejected,blurry(var=93.9<100.0),
04_00055.jpg,84.668453,129.449340,rejected,blurry(var=84.7<100.0),
04_00056.jpg,141.640196,130.585422,kept,,10
04_00057.jpg,147.947428,129.462771,kept,,7
04_00058.jpg,76.721441,129.424344,rejected,blurry(var=76.7<100.0),
04_00059.jpg,70.112159,129.170666,rejected,blurry(var=70.1<100.0),
04_00060.jpg,102.195643,126.917128,kept,,7
04_00061.jpg,158.941533,125.141819,rejected,duplicate(hamming=4<=5),4
04_00062.jpg,129.603466,127.977187,kept,,8
04_00063.jpg,96.497708,128.931297,rejected,blurry(var=96.5<100.0),
04_00064.jpg,84.380579,133.108009,rejected,blurry(var=84.4<100.0),
04_00065.jpg,116.391677,131.361406,kept,,6
04_00066.jpg,138.412975,133.678632,kept,,7
04_00067.jpg,131.701646,128.408996,kept,,6
04_00068.jpg,83.044773,123.204686,rejected,blurry(var=83.0<100.0),
04_00069.jpg,37.501734,129.978670,rejected,blurry(var=37.5<100.0),
04_00070.jpg,161.161551,117.518773,kept,,7
04_00071.jpg,141.814261,121.647269,rejected,duplicate(hamming=3<=5),3
04_00072.jpg,147.972922,116.686646,rejected,duplicate(hamming=3<=5),3
04_00073.jpg,121.243971,126.165931,rejected,duplicate(hamming=4<=5),4
04_00074.jpg,40.368717,134.681847,rejected,blurry(var=40.4<100.0),
04_00075.jpg,86.648683,128.569135,rejected,blurry(var=86.6<100.0),
04_00076.jpg,117.902613,131.639357,rejected,duplicate(hamming=3<=5),3
04_00077.jpg,63.671021,132.469347,rejected,blurry(var=63.7<100.0),
04_00078.jpg,115.968928,137.834480,rejected,duplicate(hamming=4<=5),4
04_00079.jpg,92.425862,138.897607,rejected,blurry(var=92.4<100.0),
04_00080.jpg,80.384310,139.573703,rejected,blurry(var=80.4<100.0),
04_00081.jpg,70.528462,139.883957,rejected,blurry(var=70.5<100.0),
04_00082.jpg,90.374940,138.471578,rejected,blurry(var=90.4<100.0),
04_00083.jpg,133.088667,140.306440,kept,,12
04_00084.jpg,93.413211,139.356848,rejected,blurry(var=93.4<100.0),
04_00085.jpg,180.431115,140.776659,kept,,12
04_00086.jpg,172.395265,141.860346,kept,,9
04_00087.jpg,156.844901,140.973240,kept,,10
04_00088.jpg,87.215843,139.216291,rejected,blurry(var=87.2<100.0),
04_00089.jpg,93.578682,134.979449,rejected,blurry(var=93.6<100.0),
04_00090.jpg,121.059748,130.820981,kept,,10
04_00091.jpg,168.404594,130.771160,kept,,15
04_00092.jpg,130.983167,132.193652,kept,,15
04_00093.jpg,91.473141,127.156493,rejected,blurry(var=91.5<100.0),
04_00094.jpg,87.634050,128.718349,rejected,blurry(var=87.6<100.0),
04_00095.jpg,48.853622,132.011594,rejected,blurry(var=48.9<100.0),
04_00096.jpg,65.035931,127.882045,rejected,blurry(var=65.0<100.0),
04_00097.jpg,116.006907,126.240161,kept,,7
04_00098.jpg,147.362662,127.007933,rejected,duplicate(hamming=0<=5),
04_00099.jpg,151.305428,125.834863,kept,,12
04_00100.jpg,112.076203,125.393714,kept,,11
04_00101.jpg,184.103352,129.106427,kept,,8
04_00102.jpg,190.786905,130.044086,rejected,duplicate(hamming=4<=5),4
04_00103.jpg,185.564524,128.845658,rejected,duplicate(hamming=4<=5),4
04_00104.jpg,199.207643,130.747939,kept,,9
04_00105.jpg,171.334835,128.015146,rejected,duplicate(hamming=4<=5),4
04_00106.jpg,66.716810,130.692853,rejected,blurry(var=66.7<100.0),
04_00107.jpg,136.336342,128.325604,kept,,6
04_00108.jpg,51.460270,127.750392,rejected,blurry(var=51.5<100.0),
04_00109.jpg,156.811930,130.404161,kept,,11
04_00110.jpg,167.524321,127.328982,kept,,13
04_00111.jpg,208.226273,126.550393,rejected,duplicate(hamming=5<=5),5
04_00112.jpg,81.103689,127.541024,rejected,blurry(var=81.1<100.0),
04_00113.jpg,90.860695,130.969414,rejected,blurry(var=90.9<100.0),
04_00114.jpg,192.435945,131.216884,kept,,15
04_00115.jpg,196.481005,129.217352,rejected,duplicate(hamming=4<=5),4
04_00116.jpg,137.505999,124.501541,kept,,14
04_00117.jpg,82.239384,127.409501,rejected,blurry(var=82.2<100.0),
04_00118.jpg,94.569321,128.896201,rejected,blurry(var=94.6<100.0),
04_00119.jpg,110.720343,123.701267,kept,,16
04_00120.jpg,132.719336,121.382639,kept,,14
04_00121.jpg,130.977850,122.293544,kept,,8
04_00122.jpg,117.724920,117.198877,kept,,10
04_00123.jpg,356.201517,114.739135,kept,,10
05_00001.jpg,183.789456,118.363982,kept,,14
05_00002.jpg,208.565264,117.535841,rejected,duplicate(hamming=2<=5),2
05_00003.jpg,190.581760,118.088783,rejected,duplicate(hamming=4<=5),4
05_00004.jpg,200.001953,115.496492,kept,,13
05_00005.jpg,168.821694,115.218101,kept,,7
05_00006.jpg,158.073537,119.405585,kept,,7
05_00007.jpg,93.563579,125.033542,rejected,blurry(var=93.6<100.0),
05_00008.jpg,172.365848,119.012223,kept,,13
05_00009.jpg,124.377558,121.243289,kept,,10
05_00010.jpg,120.369619,126.280587,kept,,12
05_00011.jpg,209.864522,124.637758,kept,,10
05_00012.jpg,199.667241,124.277531,kept,,9
05_00013.jpg,147.884904,123.253075,kept,,7
05_00014.jpg,131.598372,125.430348,rejected,duplicate(hamming=5<=5),5
05_00015.jpg,219.614738,122.888740,kept,,8
05_00016.jpg,160.465436,120.532218,kept,,7
05_00017.jpg,139.976453,118.804827,rejected,duplicate(hamming=0<=5),
05_00018.jpg,206.007766,116.677543,kept,,6
05_00019.jpg,188.578431,112.268445,rejected,duplicate(hamming=3<=5),3
05_00020.jpg,202.320786,112.105788,kept,,7
05_00021.jpg,174.686129,117.433903,rejected,duplicate(hamming=5<=5),5
05_00022.jpg,137.168807,117.269807,kept,,6
05_00023.jpg,98.199419,121.016329,rejected,blurry(var=98.2<100.0),
05_00024.jpg,125.559668,124.100841,kept,,13
05_00025.jpg,295.665216,123.923548,kept,,11
05_00026.jpg,225.674399,125.372151,rejected,duplicate(hamming=3<=5),3
05_00027.jpg,116.713460,131.786586,kept,,8
05_00028.jpg,137.853444,131.011260,rejected,duplicate(hamming=4<=5),4
05_00029.jpg,161.657524,133.984634,kept,,7
05_00030.jpg,240.637766,130.519015,rejected,duplicate(hamming=0<=5),
05_00031.jpg,153.237059,129.116632,rejected,duplicate(hamming=3<=5),3
05_00032.jpg,90.984736,131.120211,rejected,blurry(var=91.0<100.0),
05_00033.jpg,168.068742,132.083477,rejected,duplicate(hamming=5<=5),5
05_00034.jpg,100.000711,128.226424,kept,,8
05_00035.jpg,235.697762,126.110166,rejected,duplicate(hamming=4<=5),4
05_00036.jpg,112.377244,128.310260,kept,,7
05_00037.jpg,71.079235,131.330837,rejected,blurry(var=71.1<100.0),
05_00038.jpg,168.894133,130.776846,rejected,duplicate(hamming=4<=5),4
05_00039.jpg,205.383699,131.098051,kept,,6
05_00040.jpg,98.356379,131.690697,rejected,blurry(var=98.4<100.0),
05_00041.jpg,105.690031,130.306915,rejected,duplicate(hamming=3<=5),3
05_00042.jpg,81.530767,130.777768,rejected,blurry(var=81.5<100.0),
05_00043.jpg,67.272750,130.841889,rejected,blurry(var=67.3<100.0),
05_00044.jpg,45.829207,128.310980,rejected,blurry(var=45.8<100.0),
05_00045.jpg,74.846494,130.247344,rejected,blurry(var=74.8<100.0),
05_00046.jpg,134.794285,127.973937,kept,,10
05_00047.jpg,78.175475,130.476909,rejected,blurry(var=78.2<100.0),
05_00048.jpg,254.464874,130.712632,kept,,12
05_00049.jpg,287.205434,131.461763,kept,,9
05_00050.jpg,306.558427,132.750730,rejected,duplicate(hamming=5<=5),5
05_00051.jpg,252.522629,133.582478,kept,,12
05_00052.jpg,78.138515,132.442486,rejected,blurry(var=78.1<100.0),
05_00053.jpg,124.961026,135.360514,kept,,14
05_00054.jpg,210.253973,137.309870,kept,,10
05_00055.jpg,154.987319,138.379648,kept,,8
05_00056.jpg,163.490031,135.767649,kept,,7
05_00057.jpg,201.490249,133.578913,kept,,7
05_00058.jpg,192.108735,131.825414,kept,,6
05_00059.jpg,162.036855,132.214392,rejected,duplicate(hamming=5<=5),5
05_00060.jpg,149.510106,132.556654,rejected,duplicate(hamming=5<=5),5
05_00061.jpg,136.060040,132.841383,rejected,duplicate(hamming=2<=5),2
05_00062.jpg,235.480405,131.391021,rejected,duplicate(hamming=5<=5),5
05_00063.jpg,91.884785,133.790834,rejected,blurry(var=91.9<100.0),
05_00064.jpg,102.284868,133.114005,rejected,duplicate(hamming=4<=5),4
05_00065.jpg,132.551812,132.690983,kept,,6
05_00066.jpg,108.144014,131.436043,rejected,duplicate(hamming=5<=5),5
05_00067.jpg,212.799936,127.341033,kept,,6
05_00068.jpg,105.540192,124.617365,kept,,9
05_00069.jpg,161.417119,128.473207,kept,,6
05_00070.jpg,199.287755,129.226616,rejected,duplicate(hamming=5<=5),5
05_00071.jpg,295.793515,128.719073,kept,,6
05_00072.jpg,213.768066,128.541047,kept,,6
05_00073.jpg,90.555556,130.856746,rejected,blurry(var=90.6<100.0),
05_00074.jpg,290.213773,129.270522,rejected,duplicate(hamming=5<=5),5
05_00075.jpg,223.128358,128.984497,kept,,8
05_00076.jpg,121.202232,124.570633,kept,,7
05_00077.jpg,210.493289,124.167490,rejected,duplicate(hamming=4<=5),4
05_00078.jpg,210.785496,122.782005,rejected,duplicate(hamming=5<=5),5
05_00079.jpg,254.356358,118.917625,rejected,duplicate(hamming=4<=5),4
05_00080.jpg,128.081426,119.338222,rejected,duplicate(hamming=5<=5),5
05_00081.jpg,117.198749,118.116181,rejected,duplicate(hamming=5<=5),5
05_00082.jpg,227.281339,117.614342,rejected,duplicate(hamming=3<=5),3
05_00083.jpg,114.211434,120.226136,rejected,duplicate(hamming=2<=5),2
05_00084.jpg,99.986278,122.382931,rejected,blurry(var=100.0<100.0),
05_00085.jpg,164.712986,123.146542,rejected,duplicate(hamming=5<=5),5
05_00086.jpg,156.116851,122.025398,rejected,duplicate(hamming=5<=5),5
05_00087.jpg,160.927074,121.876268,rejected,duplicate(hamming=5<=5),5
05_00088.jpg,82.072333,120.740027,rejected,blurry(var=82.1<100.0),
05_00089.jpg,194.925092,119.268426,rejected,duplicate(hamming=4<=5),4
05_00090.jpg,127.998141,122.791176,rejected,duplicate(hamming=5<=5),5
05_00091.jpg,101.040908,122.831117,rejected,duplicate(hamming=5<=5),5
05_00092.jpg,107.935370,123.845200,rejected,duplicate(hamming=4<=5),4
05_00093.jpg,136.531142,122.093768,rejected,duplicate(hamming=5<=5),5
05_00094.jpg,229.089718,123.127237,rejected,duplicate(hamming=5<=5),5
05_00095.jpg,160.970250,127.388954,kept,,7
05_00096.jpg,143.114987,126.499472,kept,,6
05_00097.jpg,173.255329,122.084350,kept,,6
05_00098.jpg,228.268902,122.563460,rejected,duplicate(hamming=5<=5),5
05_00099.jpg,181.164515,124.020310,rejected,duplicate(hamming=5<=5),5
05_00100.jpg,84.386058,120.612340,rejected,blurry(var=84.4<100.0),
05_00101.jpg,164.153884,119.908499,rejected,duplicate(hamming=5<=5),5
05_00102.jpg,119.073482,120.144497,rejected,duplicate(hamming=3<=5),3
05_00103.jpg,61.090621,120.416893,rejected,blurry(var=61.1<100.0),
05_00104.jpg,122.534235,121.046536,rejected,duplicate(hamming=5<=5),5
05_00105.jpg,168.651664,118.458183,rejected,duplicate(hamming=5<=5),5
05_00106.jpg,89.105004,116.509910,rejected,blurry(var=89.1<100.0),
05_00107.jpg,200.942379,122.879005,rejected,duplicate(hamming=5<=5),5
05_00108.jpg,176.203310,123.259923,rejected,duplicate(hamming=3<=5),3
05_00109.jpg,131.617501,120.853939,rejected,duplicate(hamming=5<=5),5
05_00110.jpg,97.667842,123.685969,rejected,blurry(var=97.7<100.0),
05_00111.jpg,87.212002,123.624021,rejected,blurry(var=87.2<100.0),
05_00112.jpg,206.689103,119.156918,rejected,duplicate(hamming=4<=5),4
05_00113.jpg,111.586322,115.584164,rejected,duplicate(hamming=5<=5),5
05_00114.jpg,69.482467,118.877819,rejected,blurry(var=69.5<100.0),
05_00115.jpg,169.040809,116.584255,rejected,duplicate(hamming=5<=5),5
05_00116.jpg,207.036764,120.052203,kept,,6
05_00117.jpg,118.090880,123.402165,rejected,duplicate(hamming=5<=5),5
05_00118.jpg,120.975865,124.019514,rejected,duplicate(hamming=5<=5),5
05_00119.jpg,121.645416,122.571388,rejected,duplicate(hamming=4<=5),4
05_00120.jpg,187.747150,118.872127,rejected,duplicate(hamming=5<=5),5
05_00121.jpg,89.163921,117.751349,rejected,blurry(var=89.2<100.0),
05_00122.jpg,75.903833,119.699718,rejected,blurry(var=75.9<100.0),
05_00123.jpg,127.548378,116.936356,rejected,duplicate(hamming=3<=5),3
06_00001.jpg,99.243787,115.793878,rejected,blurry(var=99.2<100.0),
06_00002.jpg,103.941374,114.902960,kept,,14
06_00003.jpg,133.036318,107.582282,kept,,12
06_00004.jpg,127.325203,109.883751,kept,,6
06_00005.jpg,82.214789,109.394017,rejected,blurry(var=82.2<100.0),
06_00006.jpg,79.300796,118.314346,rejected,blurry(var=79.3<100.0),
06_00007.jpg,121.712427,109.121503,kept,,8
06_00008.jpg,109.382415,110.135094,kept,,6
06_00009.jpg,77.981314,114.473737,rejected,blurry(var=78.0<100.0),
06_00010.jpg,104.406648,117.052622,kept,,11
06_00011.jpg,128.216440,113.195391,kept,,12
06_00012.jpg,116.540248,110.803934,kept,,8
06_00013.jpg,91.525893,112.248687,rejected,blurry(var=91.5<100.0),
06_00014.jpg,121.133313,121.426799,kept,,6
06_00015.jpg,70.229811,126.119635,rejected,blurry(var=70.2<100.0),
06_00016.jpg,99.378315,121.526802,rejected,blurry(var=99.4<100.0),
06_00017.jpg,87.908617,119.881112,rejected,blurry(var=87.9<100.0),
06_00018.jpg,79.384393,128.759975,rejected,blurry(var=79.4<100.0),
06_00019.jpg,70.246977,123.229543,rejected,blurry(var=70.2<100.0),
06_00020.jpg,81.633278,110.297631,rejected,blurry(var=81.6<100.0),
06_00021.jpg,53.955749,116.407206,rejected,blurry(var=54.0<100.0),
06_00022.jpg,97.409143,125.646438,rejected,blurry(var=97.4<100.0),
06_00023.jpg,73.567890,121.409482,rejected,blurry(var=73.6<100.0),
06_00024.jpg,95.992974,127.726941,rejected,blurry(var=96.0<100.0),
06_00025.jpg,66.980715,132.245665,rejected,blurry(var=67.0<100.0),
06_00026.jpg,91.226737,132.649380,rejected,blurry(var=91.2<100.0),
06_00027.jpg,69.572062,125.218881,rejected,blurry(var=69.6<100.0),
06_00028.jpg,57.378810,101.479689,rejected,blurry(var=57.4<100.0),
06_00029.jpg,69.731078,115.936441,rejected,blurry(var=69.7<100.0),
06_00030.jpg,78.111654,132.635730,rejected,blurry(var=78.1<100.0),
06_00031.jpg,55.673215,140.377329,rejected,blurry(var=55.7<100.0),
06_00032.jpg,49.871406,144.753331,rejected,blurry(var=49.9<100.0),
06_00033.jpg,94.846110,129.310717,rejected,blurry(var=94.8<100.0),
06_00034.jpg,120.550787,128.803285,kept,,11
06_00035.jpg,132.560376,109.155709,kept,,15
06_00036.jpg,187.032295,109.550892,kept,,16
06_00037.jpg,156.950112,107.553395,kept,,17
06_00038.jpg,264.778748,105.690763,kept,,17
06_00039.jpg,228.521384,105.390141,rejected,duplicate(hamming=3<=5),3
06_00040.jpg,104.131162,109.208065,kept,,12
06_00041.jpg,126.204206,110.669768,kept,,17
06_00042.jpg,108.598203,126.499784,kept,,14
06_00043.jpg,44.545002,113.485926,rejected,blurry(var=44.5<100.0),
06_00044.jpg,38.413989,110.883110,rejected,blurry(var=38.4<100.0),
06_00045.jpg,93.454238,115.779532,rejected,blurry(var=93.5<100.0),
06_00046.jpg,190.200241,114.164912,kept,,13
06_00047.jpg,103.621960,124.545164,kept,,7
06_00048.jpg,108.697267,121.406083,kept,,9
06_00049.jpg,157.571420,124.545221,kept,,9
06_00050.jpg,137.338418,122.114998,kept,,11
06_00051.jpg,65.948395,119.438658,rejected,blurry(var=65.9<100.0),
06_00052.jpg,177.003170,119.382174,kept,,10
06_00053.jpg,142.407338,114.082206,kept,,8
06_00054.jpg,151.393270,110.988542,rejected,duplicate(hamming=5<=5),5
06_00055.jpg,117.583558,108.814038,kept,,8
06_00056.jpg,102.134788,110.385320,kept,,6
06_00057.jpg,93.110864,122.946283,rejected,blurry(var=93.1<100.0),
06_00058.jpg,138.773726,121.782317,kept,,14
06_00059.jpg,142.797515,115.478714,kept,,10
06_00060.jpg,115.010514,119.756576,kept,,9
06_00061.jpg,125.255843,122.906016,rejected,duplicate(hamming=5<=5),5
06_00062.jpg,129.394912,120.847041,kept,,7
06_00063.jpg,135.110918,119.220085,rejected,duplicate(hamming=4<=5),4
06_00064.jpg,126.980832,123.838387,rejected,duplicate(hamming=5<=5),5
06_00065.jpg,125.264604,123.645952,rejected,duplicate(hamming=5<=5),5
06_00066.jpg,132.558347,122.741661,kept,,8
06_00067.jpg,167.113012,118.404607,kept,,9
06_00068.jpg,61.070981,118.974044,rejected,blurry(var=61.1<100.0),
06_00069.jpg,148.094239,119.278433,kept,,10
06_00070.jpg,196.145713,122.693248,kept,,11
06_00071.jpg,108.277819,119.745849,kept,,6
06_00072.jpg,90.219151,118.321117,rejected,blurry(var=90.2<100.0),
06_00073.jpg,83.208535,119.370205,rejected,blurry(var=83.2<100.0),
06_00074.jpg,65.953049,115.175898,rejected,blurry(var=66.0<100.0),
06_00075.jpg,166.077846,118.283352,kept,,8
06_00076.jpg,90.971425,117.038508,rejected,blurry(var=91.0<100.0),
06_00077.jpg,137.591208,115.207779,kept,,6
06_00078.jpg,110.290691,115.078741,kept,,6
06_00079.jpg,41.845429,115.928239,rejected,blurry(var=41.8<100.0),
06_00080.jpg,132.380550,112.312148,kept,,7
06_00081.jpg,41.554186,111.023006,rejected,blurry(var=41.6<100.0),
06_00082.jpg,20.220182,103.588385,rejected,blurry(var=20.2<100.0),
06_00083.jpg,14.501239,129.673036,rejected,blurry(var=14.5<100.0),
06_00084.jpg,30.988238,122.181386,rejected,blurry(var=31.0<100.0),
06_00085.jpg,70.779672,107.799861,rejected,blurry(var=70.8<100.0),
06_00086.jpg,78.193152,113.646527,rejected,blurry(var=78.2<100.0),
06_00087.jpg,97.813149,109.830766,rejected,blurry(var=97.8<100.0),
06_00088.jpg,126.392514,111.203779,kept,,10
06_00089.jpg,81.202580,113.783048,rejected,blurry(var=81.2<100.0),
06_00090.jpg,102.696593,121.139118,rejected,duplicate(hamming=4<=5),4
06_00091.jpg,164.317719,117.089397,kept,,6
06_00092.jpg,117.620442,114.348801,rejected,duplicate(hamming=4<=5),4
06_00093.jpg,110.291808,114.140978,rejected,duplicate(hamming=3<=5),3
06_00094.jpg,76.809435,112.917935,rejected,blurry(var=76.8<100.0),
06_00095.jpg,136.228599,111.839018,rejected,duplicate(hamming=5<=5),5
06_00096.jpg,122.922742,115.202322,rejected,duplicate(hamming=5<=5),5
06_00097.jpg,47.992171,117.703675,rejected,blurry(var=48.0<100.0),
06_00098.jpg,81.513577,128.361621,rejected,blurry(var=81.5<100.0),
06_00099.jpg,97.148804,131.614628,rejected,blurry(var=97.1<100.0),
06_00100.jpg,93.422385,135.822881,rejected,blurry(var=93.4<100.0),
06_00101.jpg,80.606688,136.477817,rejected,blurry(var=80.6<100.0),
06_00102.jpg,101.262827,134.515765,kept,,7
06_00103.jpg,187.557715,135.586785,rejected,duplicate(hamming=5<=5),5
06_00104.jpg,121.773823,137.774743,kept,,7
06_00105.jpg,166.327949,138.575518,kept,,7
06_00106.jpg,162.250477,131.688945,rejected,duplicate(hamming=4<=5),4
06_00107.jpg,215.975905,126.963159,kept,,12
06_00108.jpg,187.162390,122.473866,kept,,10
06_00109.jpg,167.265463,126.665314,kept,,9
06_00110.jpg,90.459883,133.161683,rejected,blurry(var=90.5<100.0),
06_00111.jpg,156.907973,135.219259,kept,,9
06_00112.jpg,166.265754,131.179375,rejected,duplicate(hamming=5<=5),5
06_00113.jpg,62.003845,136.360229,rejected,blurry(var=62.0<100.0),
06_00114.jpg,69.323157,131.816447,rejected,blurry(var=69.3<100.0),
06_00115.jpg,99.663418,132.197951,rejected,blurry(var=99.7<100.0),
06_00116.jpg,102.615852,127.885225,kept,,13
06_00117.jpg,111.682245,119.951389,kept,,13
06_00118.jpg,142.411021,115.707566,kept,,11
06_00119.jpg,119.902926,118.554656,kept,,11
06_00120.jpg,118.221700,115.290947,rejected,duplicate(hamming=4<=5),4
06_00121.jpg,144.082416,112.824972,kept,,10
06_00122.jpg,102.235880,115.573967,kept,,9
06_00123.jpg,167.235010,111.749235,rejected,duplicate(hamming=5<=5),5
07_00001.jpg,8.560635,21.964247,rejected,blurry(var=8.6<100.0),
07_00002.jpg,9.297934,21.962485,rejected,blurry(var=9.3<100.0),
07_00003.jpg,7.136020,22.099991,rejected,blurry(var=7.1<100.0),
07_00004.jpg,6.942936,22.182827,rejected,blurry(var=6.9<100.0),
07_00005.jpg,5.384036,23.356724,rejected,blurry(var=5.4<100.0),
07_00006.jpg,5.332272,24.019334,rejected,blurry(var=5.3<100.0),
07_00007.jpg,5.414183,24.305968,rejected,blurry(var=5.4<100.0),
07_00008.jpg,8.302163,25.754412,rejected,blurry(var=8.3<100.0),
07_00009.jpg,7.355932,25.490757,rejected,blurry(var=7.4<100.0),
07_00010.jpg,7.112118,26.122161,rejected,blurry(var=7.1<100.0),
07_00011.jpg,8.894398,24.686782,rejected,blurry(var=8.9<100.0),
07_00012.jpg,9.979314,26.307967,rejected,blurry(var=10.0<100.0),
07_00013.jpg,13.275932,29.143753,rejected,blurry(var=13.3<100.0),
07_00014.jpg,14.056328,30.538852,rejected,blurry(var=14.1<100.0),
07_00015.jpg,9.897576,30.012283,rejected,blurry(var=9.9<100.0),
07_00016.jpg,11.612738,27.304118,rejected,blurry(var=11.6<100.0),
07_00017.jpg,12.013726,24.511596,rejected,blurry(var=12.0<100.0),
07_00018.jpg,11.906369,25.620193,rejected,blurry(var=11.9<100.0),
07_00019.jpg,16.366113,26.911873,rejected,blurry(var=16.4<100.0),
07_00020.jpg,16.612774,27.578193,rejected,blurry(var=16.6<100.0),
07_00021.jpg,9.353636,26.342952,rejected,blurry(var=9.4<100.0),
07_00022.jpg,13.037236,24.934938,rejected,blurry(var=13.0<100.0),
07_00023.jpg,13.330786,24.389306,rejected,blurry(var=13.3<100.0),
07_00024.jpg,13.835930,28.082260,rejected,blurry(var=13.8<100.0),
07_00025.jpg,12.489316,25.200889,rejected,blurry(var=12.5<100.0),
07_00026.jpg,12.709454,19.936204,rejected,blurry(var=12.7<100.0),
07_00027.jpg,17.606756,21.536922,rejected,blurry(var=17.6<100.0),
07_00028.jpg,13.298359,20.985061,rejected,blurry(var=13.3<100.0),
07_00029.jpg,8.536858,21.262206,rejected,blurry(var=8.5<100.0),
07_00030.jpg,11.315119,22.798645,rejected,blurry(var=11.3<100.0),
07_00031.jpg,12.743558,23.986610,rejected,blurry(var=12.7<100.0),
07_00032.jpg,7.782542,24.231593,rejected,blurry(var=7.8<100.0),
07_00033.jpg,5.439495,22.167665,rejected,blurry(var=5.4<100.0),
07_00034.jpg,6.930712,21.539848,rejected,blurry(var=6.9<100.0),
07_00035.jpg,4.733341,22.021093,rejected,blurry(var=4.7<100.0),
07_00036.jpg,4.177216,18.620829,rejected,blurry(var=4.2<100.0),
07_00037.jpg,6.463453,18.165125,rejected,blurry(var=6.5<100.0),
07_00038.jpg,12.493274,21.449859,rejected,blurry(var=12.5<100.0),
07_00039.jpg,19.064027,25.984722,rejected,blurry(var=19.1<100.0),
07_00040.jpg,11.797688,32.756944,rejected,blurry(var=11.8<100.0),
07_00041.jpg,8.670230,35.449489,rejected,blurry(var=8.7<100.0),
07_00042.jpg,13.768797,34.181684,rejected,blurry(var=13.8<100.0),
07_00043.jpg,8.637837,33.219784,rejected,blurry(var=8.6<100.0),
07_00044.jpg,11.675241,31.618232,rejected,blurry(var=11.7<100.0),
07_00045.jpg,9.144575,32.968503,rejected,blurry(var=9.1<100.0),
07_00046.jpg,7.617421,29.064058,rejected,blurry(var=7.6<100.0),
07_00047.jpg,14.184382,28.133470,rejected,blurry(var=14.2<100.0),
07_00048.jpg,17.796672,30.687433,rejected,blurry(var=17.8<100.0),
07_00049.jpg,15.041393,23.572238,rejected,blurry(var=15.0<100.0),
07_00050.jpg,13.959261,24.281368,rejected,blurry(var=14.0<100.0),
07_00051.jpg,16.461692,25.664977,rejected,blurry(var=16.5<100.0),
07_00052.jpg,13.300383,27.576060,rejected,blurry(var=13.3<100.0),
07_00053.jpg,16.047586,28.654061,rejected,blurry(var=16.0<100.0),
07_00054.jpg,21.884940,27.906636,rejected,blurry(var=21.9<100.0),
07_00055.jpg,21.776413,25.742349,rejected,blurry(var=21.8<100.0),
07_00056.jpg,21.032831,25.806445,rejected,blurry(var=21.0<100.0),
07_00057.jpg,24.406550,25.403043,rejected,blurry(var=24.4<100.0),
07_00058.jpg,17.687324,26.854990,rejected,blurry(var=17.7<100.0),
07_00059.jpg,20.296549,28.278678,rejected,blurry(var=20.3<100.0),
07_00060.jpg,19.482281,28.460246,rejected,blurry(var=19.5<100.0),
07_00061.jpg,18.887901,30.698434,rejected,blurry(var=18.9<100.0),
07_00062.jpg,21.682867,32.344654,rejected,blurry(var=21.7<100.0),
07_00063.jpg,17.996931,33.087206,rejected,blurry(var=18.0<100.0),
07_00064.jpg,20.387352,31.815601,rejected,blurry(var=20.4<100.0),
07_00065.jpg,14.310597,28.985423,rejected,blurry(var=14.3<100.0),
07_00066.jpg,13.751600,29.289933,rejected,blurry(var=13.8<100.0),
07_00067.jpg,11.365436,27.433531,rejected,blurry(var=11.4<100.0),
07_00068.jpg,11.537917,25.717057,rejected,blurry(var=11.5<100.0),
07_00069.jpg,11.028820,26.780941,rejected,blurry(var=11.0<100.0),
07_00070.jpg,11.598697,25.785031,rejected,blurry(var=11.6<100.0),
07_00071.jpg,13.317639,26.210914,rejected,blurry(var=13.3<100.0),
07_00072.jpg,14.497056,25.976089,rejected,blurry(var=14.5<100.0),
07_00073.jpg,13.533154,28.026147,rejected,blurry(var=13.5<100.0),
07_00074.jpg,11.747100,26.649757,rejected,blurry(var=11.7<100.0),
07_00075.jpg,9.687361,26.869540,rejected,blurry(var=9.7<100.0),
07_00076.jpg,13.771245,26.379481,rejected,blurry(var=13.8<100.0),
07_00077.jpg,13.412128,28.108161,rejected,blurry(var=13.4<100.0),
07_00078.jpg,10.812835,28.888988,rejected,blurry(var=10.8<100.0),
07_00079.jpg,10.862078,31.325116,rejected,blurry(var=10.9<100.0),
07_00080.jpg,10.823435,33.421694,rejected,blurry(var=10.8<100.0),
07_00081.jpg,15.436305,31.255443,rejected,blurry(var=15.4<100.0),
07_00082.jpg,16.592300,31.142767,rejected,blurry(var=16.6<100.0),
07_00083.jpg,12.222718,27.351096,rejected,blurry(var=12.2<100.0),
07_00084.jpg,8.409941,28.828410,rejected,blurry(var=8.4<100.0),
07_00085.jpg,4.298522,24.542299,rejected,blurry(var=4.3<100.0),
07_00086.jpg,7.943796,29.049695,rejected,blurry(var=7.9<100.0),
07_00087.jpg,5.129516,27.902905,rejected,blurry(var=5.1<100.0),
07_00088.jpg,4.718160,30.314142,rejected,blurry(var=4.7<100.0),
07_00089.jpg,4.490388,26.359355,rejected,blurry(var=4.5<100.0),
07_00090.jpg,6.589237,26.390740,rejected,blurry(var=6.6<100.0),
07_00091.jpg,11.294800,26.065723,rejected,blurry(var=11.3<100.0),
07_00092.jpg,12.880944,27.909587,rejected,blurry(var=12.9<100.0),
07_00093.jpg,13.486202,28.104936,rejected,blurry(var=13.5<100.0),
07_00094.jpg,16.945795,27.707569,rejected,blurry(var=16.9<100.0),
07_00095.jpg,17.231035,27.143893,rejected,blurry(var=17.2<100.0),
07_00096.jpg,17.180710,28.045505,rejected,blurry(var=17.2<100.0),
07_00097.jpg,11.907309,28.470819,rejected,blurry(var=11.9<100.0),
07_00098.jpg,14.473668,29.851401,rejected,blurry(var=14.5<100.0),
07_00099.jpg,22.314851,26.080857,rejected,blurry(var=22.3<100.0),
07_00100.jpg,18.783581,26.823889,rejected,blurry(var=18.8<100.0),
07_00101.jpg,22.571501,27.624051,rejected,blurry(var=22.6<100.0),
07_00102.jpg,18.209079,27.830124,rejected,blurry(var=18.2<100.0),
07_00103.jpg,17.560813,25.316263,rejected,blurry(var=17.6<100.0),
07_00104.jpg,20.528945,27.528786,rejected,blurry(var=20.5<100.0),
07_00105.jpg,28.370020,24.008835,rejected,blurry(var=28.4<100.0),
07_00106.jpg,22.675828,24.807840,rejected,blurry(var=22.7<100.0),
07_00107.jpg,25.116362,25.972526,rejected,blurry(var=25.1<100.0),
07_00108.jpg,30.304140,26.835863,rejected,blurry(var=30.3<100.0),
07_00109.jpg,32.913279,27.131776,rejected,blurry(var=32.9<100.0),
07_00110.jpg,25.978099,24.998828,rejected,blurry(var=26.0<100.0),
07_00111.jpg,18.559188,25.730847,rejected,blurry(var=18.6<100.0),
07_00112.jpg,20.580291,23.312777,rejected,blurry(var=20.6<100.0),
07_00113.jpg,19.977709,22.198711,rejected,blurry(var=20.0<100.0),
07_00114.jpg,16.598527,23.055407,rejected,blurry(var=16.6<100.0),
07_00115.jpg,12.444998,22.071825,rejected,blurry(var=12.4<100.0),
07_00116.jpg,15.034179,20.777617,rejected,blurry(var=15.0<100.0),
07_00117.jpg,13.510471,21.248990,rejected,blurry(var=13.5<100.0),
07_00118.jpg,15.381379,21.752944,rejected,blurry(var=15.4<100.0),
07_00119.jpg,14.784679,22.787370,rejected,blurry(var=14.8<100.0),
07_00120.jpg,12.441013,21.228110,rejected,blurry(var=12.4<100.0),
07_00121.jpg,13.817365,23.809878,rejected,blurry(var=13.8<100.0),
07_00122.jpg,12.810222,24.392146,rejected,blurry(var=12.8<100.0),
07_00123.jpg,16.177225,27.146402,rejected,blurry(var=16.2<100.0),
07_00124.jpg,11.488861,26.383928,rejected,blurry(var=11.5<100.0),
07_00125.jpg,13.443345,25.797063,rejected,blurry(var=13.4<100.0),
07_00126.jpg,8.626196,25.698886,rejected,blurry(var=8.6<100.0),
07_00127.jpg,5.760782,23.348998,rejected,blurry(var=5.8<100.0),
07_00128.jpg,6.946506,25.233863,rejected,blurry(var=6.9<100.0),
07_00129.jpg,5.643784,25.435767,rejected,blurry(var=5.6<100.0),
07_00130.jpg,3.975608,24.705576,rejected,blurry(var=4.0<100.0),
07_00131.jpg,3.809346,25.851770,rejected,blurry(var=3.8<100.0),
07_00132.jpg,8.215286,24.795554,rejected,blurry(var=8.2<100.0),
07_00133.jpg,5.551978,23.675020,rejected,blurry(var=5.6<100.0),
